-- MySQL dump 10.13  Distrib 8.0.42, for Linux (x86_64)
--
-- Host: localhost    Database: proyect_users
-- ------------------------------------------------------
-- Server version	8.0.42

/*!40101 SET @OLD_CHARACTER_SET_CLIENT=@@CHARACTER_SET_CLIENT */;
/*!40101 SET @OLD_CHARACTER_SET_RESULTS=@@CHARACTER_SET_RESULTS */;
/*!40101 SET @OLD_COLLATION_CONNECTION=@@COLLATION_CONNECTION */;
/*!50503 SET NAMES utf8mb4 */;
/*!40103 SET @OLD_TIME_ZONE=@@TIME_ZONE */;
/*!40103 SET TIME_ZONE='+00:00' */;
/*!40014 SET @OLD_UNIQUE_CHECKS=@@UNIQUE_CHECKS, UNIQUE_CHECKS=0 */;
/*!40014 SET @OLD_FOREIGN_KEY_CHECKS=@@FOREIGN_KEY_CHECKS, FOREIGN_KEY_CHECKS=0 */;
/*!40101 SET @OLD_SQL_MODE=@@SQL_MODE, SQL_MODE='NO_AUTO_VALUE_ON_ZERO' */;
/*!40111 SET @OLD_SQL_NOTES=@@SQL_NOTES, SQL_NOTES=0 */;

--
-- Table structure for table `cache`
--

DROP TABLE IF EXISTS `cache`;
/*!40101 SET @saved_cs_client     = @@character_set_client */;
/*!50503 SET character_set_client = utf8mb4 */;
CREATE TABLE `cache` (
  `key` varchar(255) COLLATE utf8mb4_unicode_ci NOT NULL,
  `value` mediumtext COLLATE utf8mb4_unicode_ci NOT NULL,
  `expiration` int NOT NULL,
  PRIMARY KEY (`key`)
) ENGINE=InnoDB DEFAULT CHARSET=utf8mb4 COLLATE=utf8mb4_unicode_ci;
/*!40101 SET character_set_client = @saved_cs_client */;

--
-- Dumping data for table `cache`
--

LOCK TABLES `cache` WRITE;
/*!40000 ALTER TABLE `cache` DISABLE KEYS */;
/*!40000 ALTER TABLE `cache` ENABLE KEYS */;
UNLOCK TABLES;

--
-- Table structure for table `cache_locks`
--

DROP TABLE IF EXISTS `cache_locks`;
/*!40101 SET @saved_cs_client     = @@character_set_client */;
/*!50503 SET character_set_client = utf8mb4 */;
CREATE TABLE `cache_locks` (
  `key` varchar(255) COLLATE utf8mb4_unicode_ci NOT NULL,
  `owner` varchar(255) COLLATE utf8mb4_unicode_ci NOT NULL,
  `expiration` int NOT NULL,
  PRIMARY KEY (`key`)
) ENGINE=InnoDB DEFAULT CHARSET=utf8mb4 COLLATE=utf8mb4_unicode_ci;
/*!40101 SET character_set_client = @saved_cs_client */;

--
-- Dumping data for table `cache_locks`
--

LOCK TABLES `cache_locks` WRITE;
/*!40000 ALTER TABLE `cache_locks` DISABLE KEYS */;
/*!40000 ALTER TABLE `cache_locks` ENABLE KEYS */;
UNLOCK TABLES;

--
-- Table structure for table `failed_jobs`
--

DROP TABLE IF EXISTS `failed_jobs`;
/*!40101 SET @saved_cs_client     = @@character_set_client */;
/*!50503 SET character_set_client = utf8mb4 */;
CREATE TABLE `failed_jobs` (
  `id` bigint unsigned NOT NULL AUTO_INCREMENT,
  `uuid` varchar(255) COLLATE utf8mb4_unicode_ci NOT NULL,
  `connection` text COLLATE utf8mb4_unicode_ci NOT NULL,
  `queue` text COLLATE utf8mb4_unicode_ci NOT NULL,
  `payload` longtext COLLATE utf8mb4_unicode_ci NOT NULL,
  `exception` longtext COLLATE utf8mb4_unicode_ci NOT NULL,
  `failed_at` timestamp NOT NULL DEFAULT CURRENT_TIMESTAMP,
  PRIMARY KEY (`id`),
  UNIQUE KEY `failed_jobs_uuid_unique` (`uuid`)
) ENGINE=InnoDB DEFAULT CHARSET=utf8mb4 COLLATE=utf8mb4_unicode_ci;
/*!40101 SET character_set_client = @saved_cs_client */;

--
-- Dumping data for table `failed_jobs`
--

LOCK TABLES `failed_jobs` WRITE;
/*!40000 ALTER TABLE `failed_jobs` DISABLE KEYS */;
/*!40000 ALTER TABLE `failed_jobs` ENABLE KEYS */;
UNLOCK TABLES;

--
-- Table structure for table `job_batches`
--

DROP TABLE IF EXISTS `job_batches`;
/*!40101 SET @saved_cs_client     = @@character_set_client */;
/*!50503 SET character_set_client = utf8mb4 */;
CREATE TABLE `job_batches` (
  `id` varchar(255) COLLATE utf8mb4_unicode_ci NOT NULL,
  `name` varchar(255) COLLATE utf8mb4_unicode_ci NOT NULL,
  `total_jobs` int NOT NULL,
  `pending_jobs` int NOT NULL,
  `failed_jobs` int NOT NULL,
  `failed_job_ids` longtext COLLATE utf8mb4_unicode_ci NOT NULL,
  `options` mediumtext COLLATE utf8mb4_unicode_ci,
  `cancelled_at` int DEFAULT NULL,
  `created_at` int NOT NULL,
  `finished_at` int DEFAULT NULL,
  PRIMARY KEY (`id`)
) ENGINE=InnoDB DEFAULT CHARSET=utf8mb4 COLLATE=utf8mb4_unicode_ci;
/*!40101 SET character_set_client = @saved_cs_client */;

--
-- Dumping data for table `job_batches`
--

LOCK TABLES `job_batches` WRITE;
/*!40000 ALTER TABLE `job_batches` DISABLE KEYS */;
/*!40000 ALTER TABLE `job_batches` ENABLE KEYS */;
UNLOCK TABLES;

--
-- Table structure for table `jobs`
--

DROP TABLE IF EXISTS `jobs`;
/*!40101 SET @saved_cs_client     = @@character_set_client */;
/*!50503 SET character_set_client = utf8mb4 */;
CREATE TABLE `jobs` (
  `id` bigint unsigned NOT NULL AUTO_INCREMENT,
  `queue` varchar(255) COLLATE utf8mb4_unicode_ci NOT NULL,
  `payload` longtext COLLATE utf8mb4_unicode_ci NOT NULL,
  `attempts` tinyint unsigned NOT NULL,
  `reserved_at` int unsigned DEFAULT NULL,
  `available_at` int unsigned NOT NULL,
  `created_at` int unsigned NOT NULL,
  PRIMARY KEY (`id`),
  KEY `jobs_queue_index` (`queue`)
) ENGINE=InnoDB DEFAULT CHARSET=utf8mb4 COLLATE=utf8mb4_unicode_ci;
/*!40101 SET character_set_client = @saved_cs_client */;

--
-- Dumping data for table `jobs`
--

LOCK TABLES `jobs` WRITE;
/*!40000 ALTER TABLE `jobs` DISABLE KEYS */;
/*!40000 ALTER TABLE `jobs` ENABLE KEYS */;
UNLOCK TABLES;

--
-- Table structure for table `migrations`
--

DROP TABLE IF EXISTS `migrations`;
/*!40101 SET @saved_cs_client     = @@character_set_client */;
/*!50503 SET character_set_client = utf8mb4 */;
CREATE TABLE `migrations` (
  `id` int unsigned NOT NULL AUTO_INCREMENT,
  `migration` varchar(255) COLLATE utf8mb4_unicode_ci NOT NULL,
  `batch` int NOT NULL,
  PRIMARY KEY (`id`)
) ENGINE=InnoDB AUTO_INCREMENT=6 DEFAULT CHARSET=utf8mb4 COLLATE=utf8mb4_unicode_ci;
/*!40101 SET character_set_client = @saved_cs_client */;

--
-- Dumping data for table `migrations`
--

LOCK TABLES `migrations` WRITE;
/*!40000 ALTER TABLE `migrations` DISABLE KEYS */;
INSERT INTO `migrations` VALUES (1,'0001_01_01_000000_create_users_table',1),(2,'0001_01_01_000001_create_cache_table',1),(3,'0001_01_01_000002_create_jobs_table',1),(4,'2025_09_18_001759_create_rols_table',2),(5,'2025_09_18_001951_create_usuarios_table',2);
/*!40000 ALTER TABLE `migrations` ENABLE KEYS */;
UNLOCK TABLES;

--
-- Table structure for table `password_reset_tokens`
--

DROP TABLE IF EXISTS `password_reset_tokens`;
/*!40101 SET @saved_cs_client     = @@character_set_client */;
/*!50503 SET character_set_client = utf8mb4 */;
CREATE TABLE `password_reset_tokens` (
  `email` varchar(255) COLLATE utf8mb4_unicode_ci NOT NULL,
  `token` varchar(255) COLLATE utf8mb4_unicode_ci NOT NULL,
  `created_at` timestamp NULL DEFAULT NULL,
  PRIMARY KEY (`email`)
) ENGINE=InnoDB DEFAULT CHARSET=utf8mb4 COLLATE=utf8mb4_unicode_ci;
/*!40101 SET character_set_client = @saved_cs_client */;

--
-- Dumping data for table `password_reset_tokens`
--

LOCK TABLES `password_reset_tokens` WRITE;
/*!40000 ALTER TABLE `password_reset_tokens` DISABLE KEYS */;
/*!40000 ALTER TABLE `password_reset_tokens` ENABLE KEYS */;
UNLOCK TABLES;

--
-- Table structure for table `roles`
--

DROP TABLE IF EXISTS `roles`;
/*!40101 SET @saved_cs_client     = @@character_set_client */;
/*!50503 SET character_set_client = utf8mb4 */;
CREATE TABLE `roles` (
  `id` bigint unsigned NOT NULL AUTO_INCREMENT,
  `nombre_cargo` varchar(255) COLLATE utf8mb4_unicode_ci NOT NULL,
  `created_at` timestamp NULL DEFAULT NULL,
  `updated_at` timestamp NULL DEFAULT NULL,
  PRIMARY KEY (`id`)
) ENGINE=InnoDB AUTO_INCREMENT=6 DEFAULT CHARSET=utf8mb4 COLLATE=utf8mb4_unicode_ci;
/*!40101 SET character_set_client = @saved_cs_client */;

--
-- Dumping data for table `roles`
--

LOCK TABLES `roles` WRITE;
/*!40000 ALTER TABLE `roles` DISABLE KEYS */;
INSERT INTO `roles` VALUES (4,'Empleado','2025-09-18 06:25:04','2025-09-18 06:25:04'),(5,'Jefe','2025-09-18 06:25:04','2025-09-18 06:25:04');
/*!40000 ALTER TABLE `roles` ENABLE KEYS */;
UNLOCK TABLES;

--
-- Table structure for table `sessions`
--

DROP TABLE IF EXISTS `sessions`;
/*!40101 SET @saved_cs_client     = @@character_set_client */;
/*!50503 SET character_set_client = utf8mb4 */;
CREATE TABLE `sessions` (
  `id` varchar(255) COLLATE utf8mb4_unicode_ci NOT NULL,
  `user_id` bigint unsigned DEFAULT NULL,
  `ip_address` varchar(45) COLLATE utf8mb4_unicode_ci DEFAULT NULL,
  `user_agent` text COLLATE utf8mb4_unicode_ci,
  `payload` longtext COLLATE utf8mb4_unicode_ci NOT NULL,
  `last_activity` int NOT NULL,
  PRIMARY KEY (`id`),
  KEY `sessions_user_id_index` (`user_id`),
  KEY `sessions_last_activity_index` (`last_activity`)
) ENGINE=InnoDB DEFAULT CHARSET=utf8mb4 COLLATE=utf8mb4_unicode_ci;
/*!40101 SET character_set_client = @saved_cs_client */;

--
-- Dumping data for table `sessions`
--

LOCK TABLES `sessions` WRITE;
/*!40000 ALTER TABLE `sessions` DISABLE KEYS */;
INSERT INTO `sessions` VALUES ('DwbF7raa3kqMJ0KIZXGxZw9J0lMSwXpL6qQsPcOu',NULL,'127.0.0.1','Mozilla/5.0 (X11; Linux x86_64) AppleWebKit/537.36 (KHTML, like Gecko) Chrome/140.0.0.0 Safari/537.36','YTozOntzOjY6Il90b2tlbiI7czo0MDoiSjQ1UUNwaXRmUk12dlE4eHlJQ0VPR2IzZ1BIM0lGc0NTSWlwZFZVYyI7czo5OiJfcHJldmlvdXMiO2E6MTp7czozOiJ1cmwiO3M6MzM6Imh0dHA6Ly8xMjcuMC4wLjE6ODAwMC9lZGl0LXVzZXIvOSI7fXM6NjoiX2ZsYXNoIjthOjI6e3M6Mzoib2xkIjthOjA6e31zOjM6Im5ldyI7YTowOnt9fX0=',1758216394);
/*!40000 ALTER TABLE `sessions` ENABLE KEYS */;
UNLOCK TABLES;

--
-- Table structure for table `users`
--

DROP TABLE IF EXISTS `users`;
/*!40101 SET @saved_cs_client     = @@character_set_client */;
/*!50503 SET character_set_client = utf8mb4 */;
CREATE TABLE `users` (
  `id` bigint unsigned NOT NULL AUTO_INCREMENT,
  `name` varchar(255) COLLATE utf8mb4_unicode_ci NOT NULL,
  `email` varchar(255) COLLATE utf8mb4_unicode_ci NOT NULL,
  `email_verified_at` timestamp NULL DEFAULT NULL,
  `password` varchar(255) COLLATE utf8mb4_unicode_ci NOT NULL,
  `remember_token` varchar(100) COLLATE utf8mb4_unicode_ci DEFAULT NULL,
  `created_at` timestamp NULL DEFAULT NULL,
  `updated_at` timestamp NULL DEFAULT NULL,
  PRIMARY KEY (`id`),
  UNIQUE KEY `users_email_unique` (`email`)
) ENGINE=InnoDB AUTO_INCREMENT=4 DEFAULT CHARSET=utf8mb4 COLLATE=utf8mb4_unicode_ci;
/*!40101 SET character_set_client = @saved_cs_client */;

--
-- Dumping data for table `users`
--

LOCK TABLES `users` WRITE;
/*!40000 ALTER TABLE `users` DISABLE KEYS */;
INSERT INTO `users` VALUES (1,'Test User','test@example.com','2025-09-18 05:57:40','$2y$12$mQ88QZdEPpxYPzzLGVgGL.XRk6eZYejVsH81jywnEhPKkshLYLKP6','XYPxuJ3tj8','2025-09-18 05:57:41','2025-09-18 05:57:41');
/*!40000 ALTER TABLE `users` ENABLE KEYS */;
UNLOCK TABLES;

--
-- Table structure for table `usuarios`
--

DROP TABLE IF EXISTS `usuarios`;
/*!40101 SET @saved_cs_client     = @@character_set_client */;
/*!50503 SET character_set_client = utf8mb4 */;
CREATE TABLE `usuarios` (
  `id` bigint unsigned NOT NULL AUTO_INCREMENT,
  `name` varchar(255) COLLATE utf8mb4_unicode_ci NOT NULL,
  `email` varchar(255) COLLATE utf8mb4_unicode_ci NOT NULL,
  `id_rol` bigint unsigned NOT NULL,
  `entry_date` date NOT NULL,
  `signature` longtext COLLATE utf8mb4_unicode_ci NOT NULL,
  `contract` varchar(255) COLLATE utf8mb4_unicode_ci NOT NULL,
  `created_at` timestamp NULL DEFAULT NULL,
  `updated_at` timestamp NULL DEFAULT NULL,
  `deleted_at` timestamp NULL DEFAULT NULL,
  PRIMARY KEY (`id`),
  KEY `usuarios_id_rol_foreign` (`id_rol`),
  CONSTRAINT `usuarios_id_rol_foreign` FOREIGN KEY (`id_rol`) REFERENCES `roles` (`id`)
) ENGINE=InnoDB AUTO_INCREMENT=22 DEFAULT CHARSET=utf8mb4 COLLATE=utf8mb4_unicode_ci;
/*!40101 SET character_set_client = @saved_cs_client */;

--
-- Dumping data for table `usuarios`
--

LOCK TABLES `usuarios` WRITE;
/*!40000 ALTER TABLE `usuarios` DISABLE KEYS */;
INSERT INTO `usuarios` VALUES (2,'Mateo Rojas','ledy@gmail.com',4,'2025-09-19','hola','hola','2025-09-18 08:03:41','2025-09-18 08:17:25','2025-09-18 08:17:25'),(3,'Mateo Gabiria','ledyasdas@gmail.com',4,'2025-09-19','hola','hola','2025-09-18 08:05:08','2025-09-18 08:18:27','2025-09-18 08:18:27'),(4,'Mateo Gabiria','ledyasdas@gmail.com',4,'2025-09-19','hola','hola','2025-09-18 08:18:40','2025-09-18 10:20:46','2025-09-18 10:20:46'),(5,'Nicole Vega Muñoz','ledyass@gmail.com',4,'2025-09-19','hola','hola','2025-09-18 08:18:52','2025-09-18 10:20:49','2025-09-18 10:20:49'),(6,'Daniel Felipe','ass@gmail.com',5,'2025-09-10','hola','hola','2025-09-18 08:19:06','2025-09-18 10:20:52','2025-09-18 10:20:52'),(7,'Moises','dburgos@megalabs.com.co',5,'2025-09-02','data:image/png;base64,iVBORw0KGgoAAAANSUhEUgAAAMgAAABQCAYAAABcbTqwAAAQAElEQVR4AezdBZDsvJEH8DnK8V0dMzOEmZmZmZm5wszMqTAzp5IKMzMzMzNz8v/NZ73Smze7O2/HMJ71VLclWbYltd1Sq7ul+fXZ9NsPBZ6fm37Z4BsS/kWwL7hECiplXzXxCTqkwMQgR0/c8+SWcwbBt3O4ZPCrwb7gL6uCPlzFp2gHFJgY5OiJetfqlosm/slgn/AvVWGfruJTtAMKTAxydES9dC7/nyC4dw4vDvYNRjBl/iKHTwUn6JACE4OsTtzfy6X3CIKv5/CI4BCAMZT7zRzMRRJM0BUFOmSQrqo82HNvmpL/Kghuk8MHg0PAnzSFvroJp6BDCkwMshpx/yGXXT8IPp/Dk4JDwG+l0MIgH0l8go4pMDHIagQ2YvxBc+nNEhJvEvQOZQRT8CccJuyWAhOD7E3f/80lVwyCN+XwxOBQ8HdVwRODVMToKjoxyN6UvVtzCZvHtRIvk+REe4cTVCW+o4pP0Y4oME4G6YgYSx57spw7VxC8NYf3BYeEszWFvzfhUGJeij44MDHI7u/afMMV38/hCsEfB4eCP07BZw2ClzpM2D0FJgbZmcYs1mX0eGEu+2xwSLhgCv/t4A+CDwtO0AMFJgbZmchXShb6fCfhrYNDw+WaCjwj4eSDFSL0AT6APsoZWxnoctmm0i9KOJRRMEXP4fdzPHUQfMlhwn4o4EPop6SRlNJU0+ScSpXmqnZObLJ7D45TlUjcq5JTtEsKTAyynLpnaU7/JOEm2BvK5JyywPqTVGuCPigwMchyKp87pzkCckg0iiQ5KJy5KZ2hEtM2ySnomgITgxxJYfL+8XPah/juhEMD9S6RTz0wiHDCnigwMciRhD5jTv1akEr1LQmHhvOmAt6TkexpiU/QIwUQvsfiRlHUKZpavjNhm6sF87h9QdGmGdHev68nTDftmwITgxxJuhM1p17WhEMG/5rCzxDk//XghD8PTtAjBSYGOZzY6HHS5tRrmnDI4HpN4Wwfj2viU9AjBXwQPRbXeVFc039zjVKsN7fu46d5xkuCQ4LJ+VWaCqjLJqibm+ocnGCbGOSjeW1kdK4h+92nqriTszWQ+fPIwcCeVxQFn0kNHhicYAAKbAuDPDm0+/cg+N0cLhTcD5SFUUMvZ/2NVP7qQfCeHPZws88VE3RCgW1gkNuGMhcL1sDiXKdXiVvvTcRy7SscBsTzpex/Dn4veM/gkG72Kf7gwjYwSFlEVL9FYkmdXiV++lxk18LXJnxKcEi4eVO4hVFvb+JTMAAFxs4gXMCL1qkmnz2s6vQq8Ss3Fw2t3qXWNRf6Yerz2KBRJMEEQ1Bg7AxiX9xldPunZSd3OfdHybNjoQ3hnpr4kPCYqvDnVvEpOgAFxswg5h1nqmhWy+lnr86vEsUcx8qFtvIccjHS+VMHe3AlmNGksX+ID4cHvOSxMgiNFc1V/fo+UCVOXsVXifJ3YqW+5SoXd3TNn+a59wkCWrRiA5HeRqSEuEka9tDgc4KvDF4quFEwVga58wIVyerUoeX0nydSb7KW5I7wO8kx4lCtDum9izmJhuYeD0idttkweOG0715Bi9F0BDqo0yX9+CCHzFXfXS7vFsbIII8OSRA4wRxelaPJuhEg0UNAI3UosUvkVMnj4m6fqS8mPgRQL9tzS9mY9AkiW4re3X3TtgsEl4F8oiWviGX5vZ4bE4OYSHO5wAw1kTjx1ekSt+CpxHcLLY6SP9RWOlxjHpIKsMOos/i3kt5WuHsa9rfBRdDR1eceVCeGio+JQeyPW1bWFXpdJJGnBwEGEhbkAVviu4XHazJf14R9B/5z5DRNof7abZudEnVu5h7z5jaH6ya0/oYd6tqJF9iPqr7c21o4BgYhm5rA3WCh1TVzyLLJgrCgOUWJ7xS6pri3D7FaT9mlpyRW+FMeo8hO9R37+bLWprTDO7x/SSTkc1Y6vJMk7d0nGA42nUEQyMghrKn0rCQKIROdAzl+HmkOP2rC3QKTeT2V1XpsILtd23beH+aBDw/yHUswe0EOi2JGTm0VLEoAi+9QY2uR+T+dGBI3lUHYJazHMHIsModexy6DbdDt75uHcE3ps+c2ctHYFPHOvr9lkt5UaSsDHVJp2E7/r1h3EsvmKuX+XsJNY5ATptXUfCzIZaO0nJoDV/bbJbas18np2eLmbqv0PtZcuNd2nsK+0J6/VJvK+0YO5HDq3US3GigiSgN3UmP/V7kgYc0sSfYPm8Ig9sBlMHpbSEDNl+AwwBh6WJ67h2VUicW9c9kUquyl0aIaXkUcW/qAfZz0T1V3qO6TfmOV3uZo7e2gY1jW1uJJsCxv1XOtXTc0g2AMPcnz0iIGowSHwVeTskYDY+zVm9SW9Nw2+2+HPbC8sP24x+/x6KXZRg3GsZLJlX2btValnUKaqjLfkt5pxPyQzAYX32lzur9gKAY5ZZpotMAYdlFP8jD4XFJGDca+RyW+Ciz2wvya2Bh2u7cM+eV//3a7dt088yZu9Hy+PIurzI1FDgj61mBp7s9KZCEcyli7UI1jknWFjznT/ZH/DZuD+cay0swx2AaMGsvydzpnhKGNKvkm4JcpiR1Cy3NlWdoq7Ar/Lw/mpcutJdHZu2azGZvA7AD9iLOwNNmIUuJ16Bp/lOpc/T6le8c+GYTmxjyjFjFKg2mQTM59SLRUPvaSt2poDbk/uamvt/Bot1GkvIAyktT3thU3F3p2HmYziAQzsvdpE1HfBAcKPl61lnRQJQ+L6kh4ExQR+LDMPhN9MQhfJwuRFucZdg8hhxNxLpqGrytzchHny5RHzeHfcuQWn2ApFDm4qxFEuzlS/kdTOuZgHCwjV3P6wAR1x7eTr5UNN/4sFHlzcHA4kkHarxLXdDuOLNozfCzcC8jhpSdft3TWaJsd1Bqt4kK+7NmGc+dLKN4mshIbLTwTU9DQbcJujeozBPKlK+UaWWu7SDlPBc5NiLRRzg0Wds0gJqQMfn+z0EI+R+Ygr18430bSZP1O1YO8BOKb3rw6PY8W7VWtXZlnrHnQXgqIIvJZNssjYOjNINZs1tq3+zMiSKT2sGs4VGgnSWpvi9ZcV2UNE+2SQcj1r06zfCwJ5qBneHFilwhavZegE6D5qrUheu5HpiSybYJDYF4kURhFfF3E+Da9psL2LHL0HRPh4p3gQAN7k7lYmaAXJ81ClFsl4l0Qt4v4m1PDQZcM4oMs2/aXFvp3JB/Od8uJjkJzG3J/3WMjul592Xxjt4n8qlXk00XzxumRBs19LPTXSeQewQmOoQAXm2NisxlmKXFzEpo934jdXMr5QcOuGMSugFS1deOemYT9nnbSfye7VdATEXEYIsuDrWE3dNOWOadHM6oZ7aT3iybe2keMKszG9QVTckhUxn6fvW33WZhW2oQpfINGFHNFHecm/GFqqd9M5Q4lWopYW02kqB/H+/aqOdEXc6SoOXCI4zZda8coC+xUSKPirwV8vItrSeY3r3ighTOXKvtzGb0elnu5dptrFXk7pyYIBSyNRqNEZzyajfTET397h146FnkbgV0wCC2EiXFpIBvADZPo2508Rc5BuT5eQ/f8RHOgXfIXa3ov9fWymqyVAj5DFBDadqzmDq4x5OirJU2Pn2CCBQqw/9Sb4VkDQwzlWbAodSzc2n+ybQahw65tHYhhNOlyQr4K1ah9udDbNcME2qhR7isTdaOAl7XTvr56OiKbeQyDFxf52uOYKlsZd8uDp1EjRNgF0LBknyMRc0VeD12p21PE/qBtBnliqlGLK9ZX1zJnsgcD4p362RLI6KFe9Qs5dmpGxcjVxQdeEJMTCWzFQ/FAyUAdmcvnQG6+RWLmNSboiU6wBwXQse40LRbzfva4rf/sNhmExsr/+5VW+HDuVxIbFBo9ii+YtQf1cL+smibwZeJd53sOscAzbEOEier8Kb4zBTir/mOVzVi8qIKvsoeLtskgJlr18xh7ag1Sl63c77OJSmwy7ieG7VVfE0i2Hes5aGDcW9tbPGfC3SmgEzX304F+rLnUPlgWjTXJzQnqD3qdWpG9yybSelYfElFknWf2dS8mIWqZaPPdYlWn6eIG42Xy5aKRMpnHFPKoInUAfdVxW8o5XhpCHW4lp3U+Ro6cmoPlDeaw88SmHNpikHq7FpZjjf3ypjRyj3pgDmpgvdhf51q2EaMENbDJo82sua8ka4I1KMDDgBcFbSHPBozCgZWPmscy4D4jEWGCzYA2GMR2OwxwWmT0oE6l2pUeCxYPYH87MJY6j6meHFZ1NkYIIwe7mPrzUdO56lSluZ5QpIhvBLbBILUoxX9Gj0vzsxENXLESZYTQy614y3TZihQ4bq5DX6KrfQUsHMupQ2DJMe1hUXJYeekaIu2hi4aKtMEgFjiV+jPKEU1KeizhO5uKml800RJM4RoUMHdjTGWItUFevedV/VjmAHmFSXg4eCc77d9b39tpfF0GMWSyKagk8Yrs/hWJkaF9qcw9jp96r0uTPGKCUIBkYY7BLma3eqNETi8FNqcbJacWzY08lilYfnvx5O0FFAD8uW6aC1vr6Nb9GFjNiyWaoQeDpH6jA3W3o7qVjWUz69E1YkMqzGZkuQFrObGKAydXkr2q5x2wpt8lF5aJu2/L5nFPyjkLzWwkaETCUM4ZlSDfOiPO9XKd+3f657FkHx2syyCMg6VEatKvlcQIQ3/igvBsGyOs/kZUmaOqUePyqQ2bku1gb5/4qmCybh+BE+eG2i0+yZlNr40Mxb3HqGLBFeTFMOvity6DLM437IjYRT37eKbeSXvIvfyu+ihzm8rQWerFidz83VjL6z2ujqat3HqMJp7FKPuFFW92HRNDa5qwdRmETrvU3cdV4mMMLW6ifkQTRO6+DdtRApEKvWiquI+wb+jp7Q+wbguJU4yy5iPK8I3pyDiG1sxXtqVlbrBozXXrlj2/38cwj7RwGOv8o246lSMvXcO3RVB13hQ/kgIYgQ3JR8zl5v9zCW9o6v5EWwOiuw+fd8MZ8lT7LhPfqIKhcuXz4Eh2e9AmgxgO26vZME8yObxmiqaRo3lJdIIlFODAaW6hN+d+w0JOxNKTL7l8vKfWZRA7BJbWI1SJjznkCQC9cKrHMbeli7rzNqBRsjCMqGPO5k9QjbxdlDfoM9dlEJqf0gDLW0t8zCFNlm2DaFRMELlJjLk9bdWdPYMoZXmAnWq4+hN52C7QrK1yNuo56zKIxpABTY6s/ZbeBjThtGyW6nqUolbLL4GnNjHKRJkXMw0TdTgjXstFbdbj2mAQLXq5w5YhKy5GsZ6dg92WNW+l5vCUYNewUpLIaadIdojW1Kgr1WLAi9pikAGb0FnR1L7cI0zcuTDQlHRW2AY+2LxCx2dNjJHClk0WNdmYYgOr202VJgbZna58tLhK2BRuE5cP7177/eXaM9fc0jpx6/S5jegcxmwE3h8lctfEICHCHmAOYscT+ve773HtmLMZfWmmaCb9ExZrtn+lJV4e2C2MJgbZ+5O24tCWjictCQAAAKdJREFUmIxfbCT+uWrvu8ZzBUs4JqC6ZdswWhIpqe3NPxZbcqDSE4Os9rp9PNYooBdrO/Xmandu9lVEKKOjTRT8J4fJuF1abpBq6xgSHGzwwg82BVZvvf2yrpzLqX5puMbsikI7ZU7FpkE9TyFhR0yuI/V+VWnuwYaJQY7u/VszQpOjt31pbrVIJ8FowATc9kwWtVmjwWXE5tpGDX+Nxzg6msb0UdFfAQAA//8OM9Q4AAAABklEQVQDAMfggqbCGpFlAAAAAElFTkSuQmCC','hola','2025-09-18 08:40:40','2025-09-18 22:02:11','2025-09-18 22:02:11'),(8,'Maria','maria@gmail.com',4,'2025-09-12','data:image/png;base64,iVBORw0KGgoAAAANSUhEUgAAAMgAAABQCAYAAABcbTqwAAANFklEQVR4AeycBaw0txHHr6BSiioztyqqzEwqM5PKjCpDUAElCjMqrDAzM5PCzMzM+P/td17NObt7tPzmaWZnDOe1xx57PPa+xw78zyXgEsiVgCtIrmg8wSUwGLiC+ChwCRRIwBWkQDie5BJwBfEx4BIokECFClLwVk9yCXREAq4gHekor2YzEnAFaUbu/taOSMAVpCMd5dVsRgKuIM3I3d/aEQl0U0E6IlyvZvcl4ArS/T70FlQoAVeQCoXrRXdfAq4g3e9Db0GFEnAFqVC4XnT3JeAKEvWhB10CVgKuIFYazrsEIgm4gkQC8aBLwErAFcRKw3mXQCQBV5BIIB50CVgJuIJYaVTLe+kdlIArSAc7zatcnwRcQeqTtb+pgxJwBelgp3mV65OAK0h9svY3dVACriDt6rRVVJ27hcsIpwDPWpUEXEGqkuxs5f5QP3uScHHhF4QODUvAFaThDjCvf4X45wkD7ClmN+GzhQ4NScAVpCHBZ7z22ybu9iH/ZdGNhQ4NScAVpCHBR699jMK/FQIX6vE24V5C4Kt6fFTo0IAEXEEaEHrGK1k9MLFI2kWPi4T/E94iBH7BoxFc4C9dSAryTvX1UkKoSKtgaVOb7Yb8+aK3CoFv6fESoUPNElgICvJFyfQQ4YnCJYXQj4m2BT6sirxe+LDwP0LqJzK4S499hPcJnyj0VURCqBv6riDMvHtIqLFCxGFlaQzYY/Dyh/Q4U2gBxX7CMII9yuOHvJOaJNBnBfmjZLi9MAsOzYpsKO5Dw/c+TvQkoYV9FWBlERngAv4TzITIJPA35d1U+DmhwwwS6KuCnC5ZrCnMgh0U2RYFQSneqvoAN+hxldDCbQqwYRdJ4OXJc7LHP5RtZeFPhHsLNxCiNCLtgC7Uoo8KcrEE/2ZhFqAceIyy0pqIe5leysm5yOA0Hhm4lYn7sfhnCscBivDuKNOvFMZke7+ow4QS6JOC4CY9Q+2GijwK1lJMm5RD1Rm8kMcQLx/SmGxmIlCOv5hwHosz4rk5iRspHgUScRgngT4pCPeX3pTTYM4Wds5JazL6+ebl1xnespcoYJWEwV80wEkD9bNMQEaYXpmJHjkqgb4oyBvVrJ8Js4AB9nUltGXfoaqkYGd5TMM0IWI2j8K/i8I2GCsHymXPWcjLWRDmHfy8+CwVwDu5EsO5zTEKv0bYC+iLgmyY0xsoxStz0toQ/XRTiRsNH7O0w7YR93WeR+sz0Y+3VpgD0jtFLXzcBmbgObjES3ipfsve5ueitOd9ohxyMmmJbQRKe2nXFYQN7paSxgeFMTBrzjsI4jLLDr/IFHiP4bPYbRTJYBRJ4P96vkpoAUWIN+GsoORZl4fBTxh+HPtJZdhdiMs5IHsmFPVpis8ClIdD2qy0zsR1WUEYCMdL0nxDIZICA41Vg8GSRraUeYqp1xWGDyxnOQzIFRTBKnKwaADMM7xahDlpJy/7E8IBzxNzgRA4jIfBT4nP6n+Ulg+2TlY6deL9B4r/knAaYK8T6jfN71qVN0tArapgRmW+obgjhEcL3yK0wNd4zIxh1rRps/BcAWGFAjEdZimj6DcM7JAeb9I54AtnOf9WJhR+eVG+ExFJAIXg7ISVJeRNEvTgLOjXogFQMK6thDCKkPVR1trKgMPj7aIvFs4DrDDsT+Ypo9HfdkVBGEhswlGMHSWxcPosdgRWUohNosjMwKZzWf36v8JThaxQ4P7iGTh5JoWSpwbctuFHdvBinnDAF9KgX9HjWiH3s0RSwFVsvWEh4fNiUAqRBNiDcGCYBIaPNUSfKgzwDDG8R2RiOEc5OeVnxcCsVXAEwlWakciuBNquIFyR4ET4egl0E2GeYihpwDUNZll4PDQniME8CCfImCSKyoXvKIUybhLlqvlyoiimSAIoBqYH32swo09zqp0UkPFgtQvR9w4Z2sDMOwymhG9EMCvZSzAQkUmaaBg28+y9MI9MdMJiqmGCJgE9MEW5zhLayQSTNSaQ467Kz9UV9iPUkfOUXyqOOlGXs8QTH581IVcldRMeLYzm2/ECVQFBHy7KjEenMTgVTAHbeok0tIjhKzyW878qiBflXaJAOEHGhOFUmjzEB+S6B+bMtop4h3AcoGgMNMw4PmoqUtqisth/2Nk7KEjRxvazwwKRDzM2JtdlisMDtqIobcassiuHolNg0jgyDS1icHAw+dAmZLUodtHzKBGUjTZ/TfyqQvZBKCh5ce2Gb1aUlAC3FawS0p+siEnilA88YbQ17rMpi5k9exsUBJ88tjDmC99gs2RjW3MNPG4Zg5yNH4LD3LLpCBF3I50YbsDadPgf6EEeZlmxA27Hkj82Z0izeIcNGB4zhnqEbzhM0liWqyBB/vcrN4Pqn6LIQyQTFjOxzNqsdKxkz1E8qxoroNhcYCXgN/GgRi783v6QcxlcxigbCmjTxvEoq83DishAt3GT8NxuZizQZ0VymaSsmfKEDprpxzP+CP85sw+NpsP4/oGNJ+YL32BjB8dFMwiZybC12TA/qAx29lVwKsA04L0MzLzzBArkAiFOAex8Zs0wy5NmEbOCFcjGjeOZ7UMeLiUySzOLhzgoszE0YJ7ih/RJKJ6/7yljrCSKGgEmDr5JGYmcMIAyxHVnoBM/YRGDOO+0XrRBGX91Kgi283GqNP7zsC9QMBfYtB6kVAbfR0SZyURSsLdc00jDMLjx5JioETZvRkJxvqmc7xWikFxRYQWhwwizglEvJY8AtjaDaiSyIGDfz2DloC3uj9Wi38cn6lHyxEH2Hex/shSASeCnKmkd4TxAv7EC2DJQErxtHCja+Cye73hsPN46G66Fjzukipd+V4XSEXzw8x7xRcCMjr/+98rEIRi++ngmUlICbAo5vCJwjR7M8CgRiB3OjMxVcv4hAuYXm29lK4SzlUrH7iTKTMtHTGJT4CoFK9inFcMq9ICoBfY/nEfYuDz+AyYB93R8CZFVJe6f15nfzMueogJAkQQw8dhn8G+GuJ7C6p4kzPFAlvSHLQL5YDHYuCye/rfxuKVtuBY+7oAyX4oJhE3NCfCTKTgHmRm4DsEAea3yMJhZba4UPw5wSeKJwQRihscMA8MeI/wepaNsOj7ExZSbwOwpsL3jtDjM4GGDmlUeMyQ2d/wbG8bpwN4hxFEeq5MN40WzZhhpb+BRIoa9EybrfiqXWRt3sNhSgEmMiSue5NhfIu8iOaGsthKxe9umVcZXpSAMNM4Q4s2abQjmFoOawz7OGfDJc+Bl80zC402aJB8rCKYDKworDB2HzU/nMathckxaVnjfH8TgGRMZAbw2tA3FHUkYBvBADdmEsMlOmOGDuuKwQIbDqIRgdiZMSQ8+AUBRcdV+X2WiKCKlAisIKwn7Hsy3UDgyQE7sRZE/E2NIw8QlfwhTBuMlhGujZSsIvvrVVXvcn/ESifAxYXDbMstzMs0gZTDoJ7UCKwwDmMNAOo/TY7xC01aCDv+NfhSuc4hNAXv7AIXYy4iMwEtHQoOBXT1Iwow7FyZCTLEoau4gbmLcv5jBcxdWUABODNzU8SSEYrDqoihYDVAmLVsUFoUN18aXqSDMxti0fza1v1n8+kL+Iwc2JO7ZfynMjCDSC8AkYT8SdyqNY5Y8VgzKKJICskgDYmw/cJ4TNsgMHiWn0HW5UX9W8SxZ0UjkErcZZ0tefn5TKdqOmfdFLIuhDGYjVgdmSjbnHERxhhHS+0bpeFairD0JbWU1YfJ4NQFhbFIpKgVOrMOKZA8NmXl5T5qxowxtQFZ8M8LKULRykzc+EK612WUqCKe6eJPYmOGWZdZkdq2jQW15B7Mjnc+qEdcJ85OTaa5rLBYnDsPctcLcI4j8rCu4LBcvZbcBubKDt5J7XJx/MaGyN0QpUBwcMJji6zVZ2TIVhOsabEoxK8ad6DbZ5qrfjTnAphdliTeW7DX43JWD0qx6sGnFvfwjJf5dGIDzBBQmhPtG8Z7RPvaGKAWKE1z4jba1TAVptCEtfDnmVnBEXB3VL28F4SYxA2UL5bd52MQqyqFuCbiCVC9xBjyHgnhxxnmhcHezX7G1wtXLzGrjnK9JAq4g9QiaDTbnDHyExHUUPFWTvJlViL3LJHk9TwUScAUZK9TSMnBaztkGm3Q2onHB3Jjlej9pIPsQ9jFxPg/XKAFXkBqFbV7FVRMTTFg8f1z7Z5MKZp3QJxn9UZ8EXEHqk3XRm1gxcI8X5fG0BiTgCtKA0PVK3LYiKfTtjCNtWNcZV5BmepD/yBLezH0uVpAQdtoiCbiCNNMZfG9/5GAwwJvFxUS8XM3UxN9aKAFXkELxVJbIfxzhmwi+rOOiY2Uv8oLnk4AryHzy81/3XAKuID3vYG/efBJwBZlPfv7rnkvAFaSnHezNKkcCriDlyNFL6akEXEF62rHerHIk4ApSjhy9lJ5KwBWkpx3rzSpHAq4g5chxIZWyoNrqCrKgutsbO60EXEGmlZjnX1AScAVZUN3tjZ1WAo8AAAD//2vcQN8AAAAGSURBVAMAEDngsFjeoo4AAAAASUVORK5CYII=','contracts/baada12a-dc74-45c0-9691-f66d961c231f.pdf','2025-09-18 09:52:02','2025-09-18 22:04:28','2025-09-18 22:04:28'),(9,'Felipe Moceton','moce@gmail.com',5,'2025-09-18','data:image/png;base64,iVBORw0KGgoAAAANSUhEUgAAAMgAAABQCAYAAABcbTqwAAAPk0lEQVR4AeydBawESRGGF3d3d3c53C3IHQ6BBIK7a4DgBDuCO8ElOASH4O7u7sFdz+//NlsvtbU9+nZmevb6peu1W01Xd3V1de+xF+WvYKBgoBIDhUAqUVMiCgYWi0IgZRQUDNRgoBBIDXJKVMFAIZAyBgoGajAwIIHU1FqiCgZmgoFCIDP5UKWZ02CgEMg0eC+1zgQDhUBm8qFKM6fBQCGQafBeap0JBuZJIDNBbmnm/DFQCGT+37D0YEAMFAIZELml6PljoBDI/L9h6cGAGCgEsh3knlbFPErwYMGJBcXsCAbmQCBfFa5/K7ibYHDTsoIrKt0zBB8X/EfwJ8GTBc8UXEtQzI5gIHcCuZ7wfGnBmQWPFkxhTq1KWRmeKPv9gu8IPid4qOAaAlsxfiD3SwQfFRSzIxjInUAOdXj+lXMP5TyOCj5I8FjBOwW/FPxFwMrwGNk3EFxEgDlK/74iYOW4gOwLCe4l+J+gmB3BQO4E4tF8uPf0dJ9M+W4juI8A+0DZtxBAAD+STR3vlv0EwU0FZxd48xN5SHsr2acQHCBgZSOvnMXsGgbmRCB1uD+lIh8keKrgpwJm/iNkM8t7+KfC3ih4gQD7PbLfJoCFOp9sb34uz7sEjxRcTXACAWlgrcjzL/mL2XEM5E4g8Pj2CSCCO8pzsODtgs8IbPD/Te5nCR4hOLeAmb9L3/6sPB8QwFpdW/aJBJTDKvI0uT8t8OyevJ1NyTBDDHQZRGN3jxn7mq7SS8r9KsHDBDcXXFnQx/xQmVhBYKPuKjeEdzrZNxQ8SfAxwf8FxRQMZHsn/fH6NkiKYG3k7G2QOLGy3EUlXFVwfMEFBfcTUMcrZP9DsE0Da8bK9oltFlrKmgYDOa0glxEK3iJgcD1ONuJdWa3Nf5WS2R+pEsRwQvkvJniI4JUCWLLDZA9pwOc5VxVcXTYiYlnFzBUDfNCp235fNeDXAkSmSIfkrDUcyn1SKThzgE26pdyIWU8im/0DUiWI4RD5xzZHqkIkXbKWJqfDzWWDyr9uGMiBQBjQZ3XNhkX5rPywKJH9Qdp0esWxeefMATaJDXtOYlYI9mdqI+be+ndcwcCmFD8UBnIgEA7irH8QANKjqyiADbqfjRW0QK0DO2f4lhoHgcMqIk1DoKCgYuaIgRwIhMO62wt5lxA8W+AN+xLvhxXz/hzdEAZi42OtGofo2NyroGLNBQM5EAgs1euFMGZeWWsGRUUfMBc1ji+7RqOawsm9C2p0wkICjQlLgmExkAOB1PXwpCFyLqfXEL1vOif83l/nZtVESxjAXZe2xA2MgdwJhBNyj4Jve0/G7h+HtkHobN5DcNKLvphFeLeFjWsfw2vLnUDiJh1t2zl8MgQP6H35tt7ae2rcSO8uq3gAt5zFTIWB3AnkeA4xbH5RQHRBWTvjvZA2ZzzWIfZegPmLPREGcieQeNgHkYyBqgurEjbJgJy9TErowIFmr8JKpmkwkDuB+BUD4gC2iSkuQKHe8lIVCqC1C1v3XfnZJAPUid2VWFLs0ZlU7i4ZlDz9Ie8u9W3Zl9wJxKuYM1C50LRs+D7+PVB5uTqLags2rM/dFQZwQHkeuaOBOCCSO8SIGn+KQGqSzyqKawcogv5RreZs6puyO5s5ZMidQP7ukBg3vS6qlfNOSvVXAYeRrBx9RKgoUaqI1obVyCeeu9oJeIMguHbA+Y717eJyvE6wcyZ3AvF7EHNfVF/hzgJmdXSxAFYDXj5h8CtqzbBCMNuh0XuqtZjuHpQRu+SCIH36eD7i43J3w05xgayKpbqdOmCazHLuhsmdQDzPzi0/sM5ZCPc4YHmY0QFWA14+gX1ig006AwjEz3YW7m0kRgAsw+8U8WHBPQTfE3gD+wVh+rA6N0Tr4+O5jo8bw82VAIjcVgFwE/FV1Y6HKwI2VFal4VtURs4xIncC4X654fXfclxO0GR8Gm4MMghiHlif5yuQswm0gzlzAM6gMAiN54ZeJnccPJzkf0PhbY0XU5PH76nwjwX0gwmASQa9MFYB9hEIKBBIIJyoawu3OR9Ql2AVl+sKwqR241UbO1m5E8gvXG9o65fkf44A9XY2wcAX5TfzBTleLTDDCyTmNhui4PGF+yvgrQLul8haMyhOonC4FigPK5ffFymo1jBb+wQn9x65GaiwfnIOZhgcvNRSdwEN4QTsH4qjqYagBRCJnTJjWv+9YtyYfl8X3AXcBg9wNK2APt/SzaBbOjL955UT7YE2Xi/hPAF1eOAKajsDnnepePFQ3qVhYMQB+RrFQBSyKg28Nod8pwkpuOORIriQbM0b77NYHywRrA7Cg09ZwAA214thDZuKZvbnlRfw5tOyf+Neiw9jJXyfD1i5YeFWzmwsr67jx1OrBuZOINwht47EGczCsWGZeNkQt0EkDsKblAZB5oeUMBKHghZIaX6DowNEAqF8y857vua+lDkGsGEduxTrCQQBCPu3KNzgu9wkUajXYk5ETxIElwEOeJSDb9ipEbkTiNe9Ytbq0rkUS8GLJqkyzqVAHpCDT4+DlbOXNyke1k5WJxOlWJ5AYOEQl1Igyoydl38ytgD2HD7Z7+Vh5WVVeaHc0fiNNgTC5a+YBjwx4GJ4l/1ZzNvHH1fkqjJoL886VcVXhudOIDy8YI2Pg83Cq2weTfBxKf6YPQDLLuwTj8HBqpGHvQP33m8kD224rewuew8lX5o4OL1mAAk8a0UdhG0bzhYKRBTOrEqfeQ8Af0iy8KtIanMOX78If2gwj0kg4Isbphwg+4knNGvDe36FIK3kaVk5603uBOLZKqRY9b1Zj40iWnjs9RSLBeolEIAPZ4blWVIkWZy0x0Ht0za5kXr5NJHIETpYPIMSMP9+bJPkpcp7bSg4pTPG6mLJGPhoJ5s/ZSNtZOCl4oYK82wfN1Lb1sM3Z5/JmU4KP2vlbBLIWvTkHmYHa0TXgRoHAuUgucI24CVGWDcOIVmCQTSExEaecEvX1z5jyBhXFIiY5d+S9RJFWmbZnGiDMyR7rAxx0CKFYwJQ0j3DudKeZ+XwrC0aDOw5VlFJi+dZkxEDBrICvkPlv0HwIkEbwxtpTB5MXOCIlbQ2X+4E4mcyXkCs7UyIBAEMdB/8XHngq2UtDYODFxxZReCpufoLsSwjt/APNs2K4QDy++ZxtmdXkNDB9rnoTk42o5YBYuPRCPPTd86FzG+2J1ALM2kgB6+IzqtYGPZQ7N8inq2cIe0PqnD2jZzgy9nKwC6ybwGQfjZmyp1A/IzLTNbYoZCA85IQtGAT6okkxm/Tz1kBT6QiJkVowOwey4/sCzN/TNPWz6xqafm5CHht83d5pZJVlIFHWy5vBTibsyMIA5Wf1N7OJc3KaWJoVshG9oqW504gvn2sCLS5C/Dm1h8SGSASDsZabdQS+bsE8YTqi5UhsjYKWprYPgbeMmIL/1ghm4ph5YxpmJ2ZZS0cQYa5seHh50QYtBlAOwIbuD7/msAPwKa0U8TDL1q9sCjm7mKzD0ixAMySbNRSB15dyt9vWr9RpyzPcuHvAp6nZvXkBJlTcB7rZgVLlQXrFcOZjBhM6KPxdCv+mGaOfvYe1u4DzVFnj0ogdQ0ZOA71khSRUC0zKKfFrZZcMmwZ+C2TWGTftvh86E9RLi9PcpqOOwKs5nlDIHsSIzSIhI3tfvZFofjBvEgdmwpnsrA0HIDGowCL27NzJxC/OfzaXqv7OSAS3vJN5QZZzLaIAFvNLKlCeobZYPTZz+I9Hdxee9i7U0WgxAmrGeNgB2NY1EKOGgIx/dh+9nZoQHy9oWK+s0+CUMT7N9w5EwizoWc3+mzSY4eZMdn4c5LMTBnjOc1GH4lZM8YN5U8RiB1Ydq3Tq8h8viYzxIEmb0yCDhqi4BgeJXv8/FxMM5WfcWJ1n8McCduPJYuGsMydtHMmENSxfaNTA8nHd3FT1tOVAVVvWRuGmYXbcxsRAwVEHr/xw1W0w//cQmpCQeyLvlSKOMDFdSrKRd0mRrFRj2FT+PmWNtlxeMgkyP4ytuVKMUB+r8kg76bJmUD89dQ20pjN3tWHsCe5rpLAdhmC5d0zaAzveQZ2xDvd3EnpUyXnOZbPayEQxkyLZoA/KyHcADyYO9ovjwHyU56sLAy/G2kNgW1EQsneC1Uhwlkxn4cjwKwJxG+6ODENfVvz9vUgGWPGYdB4tguCYWbqW27XfJF3jv625cE+Wlpk/bhvpn+sGOyxIg+uqKWBOJgwlp7EP+5SoDHtow72nondfKvYfl7V514PTUuxjXxjgPhKyHkFGXsJB8lGKNhjKt7xY0CmBoONv/Kj1UR4VoifmuPknsmFGTSVjTMYJgYmiVS8haEHh06W+bFhY6rKZcXhkJKD0qayKWsbQD2RSHi/gJ/T8MIeq+u95qizcyWQuHwzeOv6sc24Mevy7eYKMCsAtg/v4vZ7l3sqI0QiK2n4FS7OiNr2F8KNBbEyIQzgnIUBCntDG/hNSCa4g5Sh1YGc0u3XoNcWdbIgULQL3hwKZ8WkvSF405srgUQluzme2m5ie9gQPjisUFMtDGhE3vyOY1NaHw+LxcDyYbjRaeLnHSAO2kCYh74SOV9GWzfEziRDO5G0cY+HvGhnEwYBtVkxybOEXAnEb1rR1iwEsvxcyX88yMBqwABNJlgFoi7CIEGaE1mRVZJGCwJA2tWY0CVAS9p5R3HSzijFIwxChohaNyJXAkHsiaYmvOzEP4TZGpdTJUTzFoXIqvrZg/DTdkjGGCRV6dqGw9e3JTAIEqXHtmVnly5XAgFRfFiIg5kPf4HuGICdYKJBK7fPjciqGmHRUNtAYziVhsNWWLhtEGSq/NHCciaQ0ZAw84rYU/CyZKobQ7KmnDNwcs1+EUIEkP5xms9dFNi+VJtmFVYIZFafK9lYpDcHKIa9SJRaIYpV1KAG8S98PcC5QrxWPGjlQxdeCGRoDI9XPmce8dUWRK3jtWAHayoEMuVHHaZuL2WqOjkfpuYdLLUQyO59VLtWSs+4EotdoCcGCoH0RFzG2VAfsealXpe0uGK3wEAhkBZImlkSf4WX19x5LtVru86sO9M2txDItPgfonb/RjHvWXE78SmqqOuzScpSTCGQ3RsDy4cJQrd4dC+qXoQkxZvCQCGQFFbmHZa6Lw7R8N7wvHs2QesLgUyA9IGrTD2Z6jfuA1e/W8UXAtmt70lvuCWJ7YGfWvD+4m6JgUIgLRE1o2QpFotLQzPqQj5NLQSSz7fYVkv4zYy4iqQep+tb3zEqXyGQ3fzcHwnd4oX2EFS8bTBQCKQNluaXhgtn1mruiO+E6rl1aEy7EMiY2B6vLv9dD1O1Xj9L3mLaYuBoAAAA//+uB6BvAAAABklEQVQDALZJRyPsb2TXAAAAAElFTkSuQmCC','contracts/586e4667-9585-46c0-a667-30a703b763eb.pdf','2025-09-18 10:14:08','2025-09-18 10:14:08',NULL),(10,'Felipe Moceton','moce@gmail.com',5,'2025-09-18','data:image/png;base64,iVBORw0KGgoAAAANSUhEUgAAAMgAAABQCAYAAABcbTqwAAAL0UlEQVR4AezdBXDsyBUFUIeZoYIVToUZN8xQ4WTDDJsNVJgZNszMzMzMXMFKhZk2zMx0j9ftrz9//tgejwaf6103qCW1rvqpX+Mcfq3+ioFiYL8MlILsl5o6UAysrZWCVCkoBkYwUAoygpw6VAyUglQZKAZGMNCjgoy4ax0qBhaEgVKQBXlRlc3ZMFAKMhve664LwkApyIK8qMrmbBgoBZkN73XXBWFgMRVkQcitbC4+A6Ugi/8O6wl6ZKAUpEdy69KLz0ApyOK/w3qCHhlYdgU5U7h7UHD/4J7BrYJbBrcIrhVcI7hecNvg9oF0j477nOClwbuDlwWnDEpWkIFFVJDj5D3dJlDwXxz348H/gr8F3C6+nriHBocEjw2eH7wgeGHwhuBNwauDZwfPCA4J7h0cFNwkuEJw4+BHQfe6H0v4EcF9g8sHRwxKlpCBeVWQo4XrqwSXDHzNnxi3KcLv439uoODfLO5FAnJU/6aEi+Y+9wseGbwn+Ffw0+DQ4CWB2uq6cY8dlCwwA7NWEIpw1fCnJvhI3B8HvtR/jfu24EOBr/ld4zZFiHdT/h3fpwLnPisupWlgOl0qcaNw5Ry/dCDN3eO2c7suBXX9z+X4KDlpDp4iuGmgtnpN3D8Enuc3cd8aXCcoWSAGZqEgJwo/dwu+HVAEBUdNcPGETx50hdn0pUS8KFBonacwS3e4xB0pOCBQ02hDPCT+htfG/+Et8K4cp4TSqaXauV334KRx/fPHdU81lbB2izypQT6ZY/8N9ifHzwEfgtfF/UdAmc8Qt2TOGZiGgihUTJLHhYsfBL8MnhCcPiC+sJ+N572BAnftuGoLeTt6/OcMNKwV2ifFrzAzZ+KdiSjgahRmnjxdMbmQ32PFVRtpm3wg/t8Gw+TIiaR0X437vOBqAY7ilMwbAwphn3m6Zi6usGjU3iP+UwXk0/lHGTSCjxn/BQJ+Be6N8fsiU5x4F0bUhmqjByTHlw1OEHhe7ZF3rK2tDdYwar9bJ81bgv8E3w/eFxwYVKM/JMyDTFpBzp2Huk/Qen0UdiZRota+ln8PDk4SXCigDGoNBSvBpRQ8PD5PpsOBwuhm/kTCg6IGOXUiKRbTUA114YRLZszApBREoddO+EKe51FBGzfQSGVyXCJxZw0eFvwiWEXR+6Z7mblJWXQRU6BhXGhXvT8HtFvilMyKgUkoiJf5+TzAzQOinaGrU81x3EQwOT4at2QPA9onBiSZYMxQYzpf3HN43af99Yr4jLPEKZkFA7tVEMqhF+pkyTw72tiA3hnKojGd6JItGHhzjj88OF+gg8LgZrzrouGvp80I/3pE/ZsuA7tREKYCW5m5QDmMVTCvjE1M9ymW42441GZTo+jUaE/lHenQUNu0uAG3gn0xgPxxrn2MnPSqoPW26Il5ZsIlu2fgm7nEDYPvBE2OEI+xkzgl02RgXAUx6mzUWF6NSQj7AgoXds+AGQUGRbtXulICNwpKpsjAOAqi9jCmIZvmIJnUp2EuXJgcA6ba6Bbvjp+opY0bTe4udaWRDIyjIBRC49GFDYB9kKfQCwNPz1V/FzQx+VFbr4XL7ZmBcRTkMp086c7tBMs7YQZ0B98g1/x70MRalubv313xO4yjIOfqcPazjr+8/TBgqk53JvFpcpszBiVTYGAcBdGt27Jm8VLzl9sPA9ogxkK6V79cN1D+/hgYR0Fa+0OuzuFfYSQDpvebHn+7pDLVxGCgUfIEty0/HEhZvA8Q0ldwHAXp5uU83UD592HAhEzT2s3y1QOl/fD6pDIQ2MaQEtxSXKObqAYNu2z06B9HQSxgalmyVqP5y93DgJ4m615006pB9hw5zOfDYp6VxVeHxYz+byp8N8WJu4FF9S9CvsdREGsW2rOdJR6IU7LBgFnNVicOU4yNJOuONevWxZx2PTT63x9zuDuFx8xoU+QTXdInA+MoiK1wunnyorvhVfVb6KS3yUTNLgfWd5jZbBuhbiGXRlviu/G0gdd4h4rFY12TzKpEcUMTV+TkGBhHQczS7drEtRHB2holgPN2Xo11L9bC2KIIZ9bdWzffSbLptRzZNkSbEUM8liUPia6oPhkYR0HkR0OTC6p787Ha3Cxxq4I75EF9yQ+M2xW7tFifbi0M86gdswZdL9avWkTHtZGdBWWdqL28f9krVIGpMDCuguidsUNHy6Qtb2zO1sKr4OLAVJDusz4lAQN5eqssMU5wHzGl3WCrDSgoVzfBAxO4S1CyOwYmdva4CiID2h4/59mAKRHWpG8El9YxpqFg66HqPqQ1Gwr3diZuqnHN1r1+LmCXlDibQnEsQnOfFqmm6obv1A6U2y8Du1EQOTMF295V/BqOenCWtXdFATWeAZ63QXvMyko1Sovbrqvdop0ymN5adPfR6LdcmdJ00zC35Eeb5yjdA+WfLAO7VRDrqF/eyZJxESbE8Tpxi+59TB5A75MCq1AmuC4a3vbtPVtCdneMM5ZYbmuDhmEnU4CL5YAtguJsiv2F5YcC2SLpgptHyjNRBnarIDLjC/gVng3YMV0jdZHnadkJkQmkgX2vPJcVfXHWzK61YZz147puDfaJ3y3MrXI9SrfTaxl0VJPv9LxKvw0GJqEg5gnZHK27v5XdAm0taq+nbWRjbpJcPTlRI+qitftjm3dmyx4LmGxIYctRu7gk6USFclAS5tXTcmWrCuNsKbZaGpzMuOVJlWB7DOyrINs7bzCVwUObDXSnRBhJ/kYSzuvXjdlibYudWIwxaHjbYcSy1jYopyfqznkGc58ovRokwV7l7bn62YPBbvPvJa7VXBQJhLV/jMjncMmkGZiUgsiXXRKZCmoUYdCAfGc8bGy9XvHOTGxmpxv1ycmBNsM/48oXE1FBS3Bdvpz/2h02u1NQn5owUytO72I8xUem29ZpN71jPGouNU2D8GAvWJKVTIqBSSqIPJk2YTsgPTvCDb7Ufg7AV1oj3uh7nxPu/LKUsQg1gl4gbSS7GBqIUyPY+rTlzbp6iiK9eVGmf9g+1XnWYrR0fbvmtOnVGjRLf50bqyXKjAoR05ZJK4j8s5317Oh9sV59sJAxxQwysvN9xc0ONorc7H3X2AonTAI7Dhp7MY3cL0UZf9DbRAltvmbthTaFfBjtzymb4t46Etj7NqFQ8wn7em8mmqKHOeXXrwZv+edE6OVS48VbMm0G+lCQ9gx+EUrNwbT6VosccLUDmDHmITFjmAt/ShoFmP2vG9OXXA3AzqZ8FM5UDb/L8cqktRBJz5l2QuttSvReoqAZfDPgpkvUXsJqDPa+GmSvxDMIMJmGbVZNgZl4M8hS3RIDfSqI64PCz3w4IAG2vYZ7vEPFYKNtbZhfZ06KNg6gBvATCe2Hc3JopFAiCmXwTu1AIdQmapvPjDxz+gd9RE435LY+LBRnyKGKmhYD01AQz2JTOWYC217BN9rO1reFkEazGkG6neAnScyE0x1rmkf7yTXzwtQk2hnitS+MPCf5XIqfPBjMmHwzQwfjKzxlBqalIMMeS2+RMQer79QY2hW6UhWOQTAzmEe6NplSFIzd7utrLYWaQgPXF7c7P2zYfectTodFN0+6nD1PN678M2Jglgoy+Mh+6NJgnMIxCD1PzCMKoDdq8NxFDRsjaj9F5xl0OTMl+QtzwMA8Kcgc0DH1LOhcaDdlUlk/0sLlzgEDy6Igc0DljrOg9+6gjbMOjauGjFMyTwyUgszubWg/tbsbA2I+tnC5c8JAKcjsXoTfVzHeY3Dz4Nllo+48ioFSkFHs9HuMchifMVhqGk6/d6urj8VAKchYtNVJq8JAKciWb7oSrDIDpSCr/Pbr2bdkoBRkS4oqwSozUAqyym+/nn1LBkpBtqSoEqwyA6Ugs3z7de+5Z6AUZO5fUWVwlgyUgsyS/br33DNQCjL3r6gyOEsGSkFmyX7de+4ZKAWZ+1c0XgbrrMkwUAoyGR7rKkvKQCnIkr7YeqzJMFAKMhke6ypLykApyJK+2HqsyTBQCjIZHlfpKiv1rKUgK/W662F3ykApyE4Zq/QrxUApyEq97nrYnTLwfwAAAP//eIo0JgAAAAZJREFUAwDcScqwX99XSAAAAABJRU5ErkJggg==','contracts/57d35ea5-274e-4b53-818d-105f56b6c7dc.pdf','2025-09-18 10:14:40','2025-09-18 10:20:55','2025-09-18 10:20:55'),(11,'Felipe Moceton','moce@gmail.com',5,'2025-09-18','data:image/png;base64,iVBORw0KGgoAAAANSUhEUgAAAMgAAABQCAYAAABcbTqwAAAMb0lEQVR4AezdA7A1OxYF4DOuse2aqbFqbNu2bdtvbNu2a2zbnqmxbXt9b27u69fv+j/oPmffyrpJp7vTyUp2uJNz8En9FQPFwKYMlIBsSk3dKAYmkxKQKgXFwBYMlIBsQU7dKgZKQKoMFANbMDBDAdniq3WrGBgJAyUgI8moiuZiGCgBWQzv9dWRMFACMpKMqmguhoESkMXwXl8dCQPjFJCRkFvRHD8DJSDjz8NKwQwZKAGZIbkV9PgZKAEZfx5WCmbIQAnIDMmtoMfPQAlILw/rshjoMlAC0mWj3MVAj4ESkB4hdVkMdBkoAemyUe5ioMdACUiPkLosBroMlIB02Zitu0IfIQMlICPMtIry/BhYdgE5W6i8SHCZ4HLBVYPrBTcObhXcNbhXcP81cPO7Za5vGFwjuGJw6eCEQTOHieMSgXCvFPuaQQv31nHfOXh18OHg48Hng08ENwseFjwiYN839t2D2wW3CG4eXD+4SnC14PJruGRscblWbPG+U+x7BxcODhaUmREDYxaQ84cThfGRsX8c/HcDfDJ+7w7eHLwpUGhfFPu5wdOCRwcK6n6xgZvf03P9/OAVweuDtwTfDP4W/D34WfD2QLivi/3yoIX71LgfGxDG88Q+R3DG4OzBswJCeI81+8Gxxf9JsZ8RPDN4YfCa4FXBG9fwttji8rLY4v242A8N3hP8J+invfn9Kvd8UxoeEPdNgvMGY873RH9+ZkxEPTC0fDf4YaBAfCC2wqgGPl7cm5l/9W78M9fe3S20AFqDn+f9Lwa7fd/zn8p7ezH/3uVLrVU5et7TamkF8fecXH8oEB4Od4J35HkCq+I4atwrZcYgILoen0uuqAFPEvsEQdfI7PfH4yHBpYILBUcLFBI4VMft+tC5vuA+4ER59wLBXsLQiojDbnHIfM93pa2LO8R/v8lkovUDLQxBJAT9iiGP7slcPG/p8ul6/ibuPwZat5vGPk6w1GboAnKusK/rcabYzegyKAxPjscNgiMECs39Yuv2EJbfxr1sRsspbV3ommkZGq6TRBNc3c9WMRwjfvgxXsIbvDJ+Pwh+EuzW4Nv46Nl58afBnwOtzKNi9yuveI3bDF1ATt+j9w251qIoELePW7/fuCDOMpsw8Ov4E6q3xsYbmFQ4ca6PH2jNThn7YoFK5vGx3xsYZ8Xa1hwuT2hl7habEJuY0NoTUmHHe7xm6AJi1qbLrhmj7nW5p8OACQiTGbqpZuDM/GkNTDLcM58gMH+JvRPjHUKoq/eFvEBYCGKc4zNDF5Bjdij9SsddztkzYGz30XzGLBuBOWLc5wuMe14Q+8vBdkYPgLD8KA8a5Bv/xTkeM3QBOW2Hyl923OWcFwMHfMfUse6Tcc+N4q3wHz629SLT3N+IeytjkP/OPHCkYDRm6AKi79zIPGtzlD0YBnS7rNtcOzE6VWAB9bKxjQ2NfeI8kDH7p1UaTZdr6AJiYa8xbPbEgl27Lnt4DPwjUZJHZhePHbfZLl1jrU8u9zd6BRZwaSfs7zHkf2MQkN91CBwFqZ34rrLTGMYCo2nnD/aIsLBLkKwL9W4N63LoAmLc8a0eZRapel51OWAGqLtYwKXeY+W+G1Vdru714NxDFxCEUdjr9mc122ZG3CuMgwFrVWayDrQukqh3x5i5HJ4Zg4BYrX1Kjzpz61aC9XV7t+pyQAzoXlH6tIAoz7pRo0O3V920bjgzdY9BQBCgxejXNtTPqTvQgD2ph5YEZ0k6pFe6aPDSxOV+X/wbzATRIqY1jBeVyPdzX4Ezq2QqFpo6zhlyb55GK/+LfFB8TQNbdMzlujH5Yl1k3WOojrEICP7oECkM3A30jeyh+Eg8aK3GGrVRoD6dFKhtpcseEJq43GrjBjpqtAqseuvHUxqkzGgq3H4S+0vgtgnLop4Vbf3/BgqHX8s96vR0qOyVOXWu92LoyYkPoaZdbe+LcWJ3kbeFa0xJ3Z/KfvMbtD0mASEclO4eFEYpyMVaN8eNixKjKUWrvbkcldFCKLwEYB4RN2Vu3cL4jg6VvTJfzYdNx34ptrgQ1gbXoIDbcsDfNSGjaa1FI9T259j7kiDWDZ0u+l3y7ljxtVlMXsY5fDMmAWlsygi1k3GJwV/zZ58m/0wpPi/2yYMxGJumtBCziKup1t2EaxB9urUXCGvDmteEZrAtB/z5ETL2RiAEWn2Vl5bO9UbPzcJvamGOUUAk/q/5pwtx0dh22/X3PlCF+Gzu0SNSa8U5WNNXyBRR+y60iNJh7UftCwpwg4Jsn0i73sh2/2QJ0Lu6Xgpsg3EAhUKwASyPTWwm0x3j3iuEe928rAuo2xXneM1YBaQxbuyh/6yf3s9YynVmSijVaeL109t7Q7IV4G58XpwLA3Vq/cYPKgC1L+TWutGd3EkL8Z284V3hKrANV4+/lgB0iwgYZUJjCm4gWA1U2o1xFH5Cdpu87/rcsd1TEXlHuC+NX3eBN5fjNGMXEKwrJFZl7bW219v0L/8G3bE75oKgGBwOadtov2ula6gf/73EdwiGYDW8KxH6TKDwEzJcuv5Y/NwzPolzucwyCEjLkT/FYUaGro/NVH3tUvuznQjy7TxnluWcsRdt1MYtDmpehypIR/Mre8EMLJOANCoVMPP/BpBaFd2U7hhFC2KeXs2n+3GK9uIC7O6Mm777AqJQn9yKgYMKyFZPj++eMYqBrj0IBqn2LVgDaCmxwKilsWPuLvEkVLHmZkyr+lizuQsDYmDZBaRRbdbLINW+Bau6TukwJjF+8YyB6GPiMK9vhdqhcPPgxgyVwSw7ny8zNAbmUQiGluY/JEKEwI44c/T2XHc1hk1POh3FWMVai25aXpmJcRqILh97Jh+oQPeNgVUUkC5jZl6slVhgNFX82tzU2sSaWBAzlemMKbU8FZCHTyYTQhWrzBwZMEXvJMkn5pt0zOSDo1d1i+2Xp3KUW9M3qy4gjVELZPSSHBdqBR7xumDt/pHjsDahtXGWlBV86hX2OJgZ26seU4Its8aA2Ufa2TQlqLs44pU6C1DGJBBmJy0QywcCo1vsNBZHxa4FM11rrgIy3ajPLDQC4OxbXTALaDLGYp3ZsfZRe68p6DkE23oAPSaH1TmUgG7TFfLglQNrMLHKrDFw2NjWeVQqKpeX5NoqPm5VSGYcrbHQErBomdvrRr44nmjdYx6OEpCtWZZ5mnODaCvFTlOnjWpsYoZMLddCOEocDl+zFuOAO901Kt9qQLAnwsKa8Y2tqE5BtIDp4LW8OnqjhbVzUOtrGwLVe4qKv0/KpB8c8kDjV6WicsGBiohKjK4s9X78OsjOqnwXDnpo/odImFbx5Ye1I0cRxWv6pgRk55wam9BipY2qmTd4d+yNBUfqLmo+3TRbTDcK1ezZmXPDDJlZNLUnFRiayQpPV5jUpgbuBE2hUbMSSrCPghBa6yG8DnszjvJTCtRGdBO1XgqfLouCqHDl05saByz4SQUFrf30g0VM6vYmLfTzpZtipXTeJyGJh5V/msB0x4zRnN6o2+PcXgVYuKbYdZHofIFWVjjCUKHYl65lcRIjvTTf2a6lMC2uspEf4oDDRGn6pgRk3zg1TezUdz+DQD/JQF+3qtV8xiamkNWK7ivUConNTf0ve6/56Y/Tb9JVU0gVdBMG4Hwp3Th7PfTFFTQ6ZwqdAmPBUetFAAmWroztroRwM6jpdSufkAjoz9sFaFqccJrx08+nxkMIjREIpXhYY1I5mAWksi+NhEOaVQiNB4c0EF5QQfg9Fj81IVwtjXjl08MzJSCzzZOvJ3i6TGpFNa9BpkJihkzhsVCpMOkqOBdXAdspzOYoZN3n2+nuhLCLrXS7/KRD99nmJjDdsJubwIozofXbJ8qQVkDLI40EUpr9ZkuSP24jceNOwf9jP9b/Cq7CpOZXKytgO4XukNaj+7xuFQHsgyASyI1gsqH/vGtjiW7YzU2PTZwdDud8q8HW/tMoFCUg02CxwlhaBkpAljZrK2HTYKAEZBosVhhLy0AJyNJmbSVsGgyUgGzLYj2wygyUgKxy7lfat2WgBGRbiuqBVWagBGSVc7/Svi0DJSDbUlQPrDIDJSCLzP369uAZKAEZfBZVBBfJQAnIItmvbw+egRKQwWdRRXCRDJSALJL9+vbgGSgBGXwW7S2C9dZ0GCgBmQ6PFcqSMlACsqQZW8maDgMlINPhsUJZUgZKQJY0YytZ02GgBGQ6PK5SKCuV1hKQlcruSuxuGSgB2S1j9fxKMVACslLZXYndLQP/AwAA//9FsJWIAAAABklEQVQDANUMab9BE6VSAAAAAElFTkSuQmCC','contracts/0d88f885-8bd3-4665-b584-7e6b1240524c.pdf','2025-09-18 10:17:14','2025-09-18 21:51:36','2025-09-18 21:51:36'),(12,'Felipe Moceton','moce@gmail.com',5,'2025-09-18','data:image/png;base64,iVBORw0KGgoAAAANSUhEUgAAAMgAAABQCAYAAABcbTqwAAANLklEQVR4AezdBYwsuREG4AkzXRKFmZmZSWFGJQpdWEkUvDCDwszMCjMzM5PCzAwKXPDu/3bX73rnzcLsze50z9TK/9jtJnfZZVeVy94jjuqvKFAU2JACxSAbkqZOFAVGo2KQagVFgU0oUAyyCXHqVFGgGKTaQFFgEwrsIoNs8tY6VRQYCAWKQQZSUVXM+VCgGGQ+dK+3DoQCxSADqagq5nwoUAwyH7rXWwdCgWEyyECIW8UcPgWKQYZfh/UFu0iBYpBdJG49evgUKAYZfh3WF+wiBYpBdpG49ejhU6AYZKwO67Ao0KVAMUiXGrubPnMef6XgUsFDg+cGzwm+E/w2+GtwyDbxy1z3i+BrwTOCpwQ3DS4fXDk4blBhBhQoBpkBEfOIIwe3CR4fvCH4SPDN4PtBa/QY4X05/ljwsOAOwR0DjHPixMcJthtOlgtPHpwruEtw9+BVwQeD9wR/Cdp7W/zvTt5nk/5wgLmU4WhJV5hAgWKQCUSZIuviufYlwX+CFwYHBdcPLhOcPThD0IJrvpCDjwbvDh4RPDzALFdIfLkOMMARctxwxqS75zGFe+FFOeeZ8K+khf/5GcNROscXTvqygecYxQ5OGiO9NPGFgmnC6XPxEwPM+c7Erw0883GJrx6g0WBHtGKQ1OCU4YBcr/I1qE8mfatA+EF+3hs8Mrhd0Br0MZLW0I+aWOPTMK+WNDELc2jkH8qxUafh1znuBs9u58TPykn3wm2T9kw4etLtXZdO+rqB54OGi4m+lbyNwi1z4nPBzwMi4HUSTxrZjpT8GwdGIWW7V9LEO991o6SNSvdJ/I4Ajf6Y+MmBsiUaTigG2X5dnSaXPin4SaDyE41+k58HBBcI9PJXSfyQwGiiIYPeOVmjvcT/87KPB28JMBHcJGlMZGRT75fI8S2C5wffDrrhFDkgAr45Md0I0zw2aeLgnRJ/JXhN4HmJtgwY6h65SrlulngwAaEGU9g5FfS0ea8G8uPE9wyOHXwpODA4dfCYwHGiwQSj36dS2lcEGOFsiU8UGI2emvgbQTcY+e6bDHrUsxOfM+iGn+bA6NSAOYmUyd4vvDI59LRB6D3FIKmtDcL5k/+24EeBBpJo9On80C+MGHQPim+yFiL8IV9Bn9HTU/59P6PD35K/UWCIMDLpRIwmDcQ7IiWRigGDyOna9hx6GnGuHfc2LgaZXDVk9i/m1DUDgUmVGZWJlhVK3iLjePm4GwZ0CSNmkhPDOZJL1CI6PSFpTJVoXWAwIHKeJ7lE0E8kFjChuNcoBllfPXo9iic9wpk/5+dBAdn71YlVdqKFDhqxeZb75yu71icK98WSR7z6auLxcO9kfD5gwCCuJbkuoB0jxruSS8Qz6iTZ71AMsr5+KNzEBBWoQVBoH51L/hH0OMysaMQlYuUx156oURsZzppjo+lnEhOViJjEzqfnuJmWk1zZRooBgxJ/ERkT8KfkEb3OlLj3oRjksCoiLqhcOS/ODxPprxIvS2BdMkq2+RKMwnKHJpTzLh0wjjmduyXz3AGzc9daxwrGvPvAnBtvY19PnnCW/HRHqBz2L4wXvn8l3LsSsfubs/hZXsmS89/EyxK4wLyg87GvS/p6Ad0r0abhuzlrwpGO8f6kW2DafVQOjMQ8BZJcCSZBVxL5McmYqL+hGGS1blhVLrmaHJkRJkasHS58dMF8oUasc0hy9Mb8GE2MEkluO2AU+svNc8fvgxaumoTRCJOwaD04xwJxbZIu41xvUAyyWhV8mVZToxErCx2kHS9yTMR5fT6QcSLRiO/YgUnsdPRkzTLPYQb+d3lOCxdN4nuBCUsimetc03s6F4Ok1hKa3G3Cz1xAspYiPC9f2axJZsxvkGNxorWws4j+wd+rO+HIdMwy5om3zg8vhET9DsUgoxEXkWZxoXj2u8ZmV7pr5FGsVolWwrXyO0uRh+cB13sOjHn0Smjtjb8Wuq9k9vmnFbjPZdztsp2y84ImanSyFjZpxrx9HFMuN5F2PKvYfApGfFoeSKxKtBJ4+fLzIuKtZPT1pxhkNOoq5DxzycZ9ra9ZleskeRDv20Qj4hDPYulZw3yHiVauJp7ddd404cjzWX5vUQwyGlEmu3oHKw77f28rbQYF44rfHsOs/c92MMOYI+cH8jxMQBm/X9KYEmOYcc/hqFsOx71DMchqlbC8NMsNmvAvOmD11EL+mvdoH9Ym7trx4Y15IphotSwAQzDxmiMhxmEU60dMMB6cF5mc7bVPlsaQci59MPSr1EYIZklM0o4XLdZw2zeNrwVp+dPGJ8gNFn7xZWOl4m5CSb928jFFon2BMcDSYO2PCLbvRN8SCti3Ms2rPHo1znTt/XpZZtBjtYwFjTdzZ9/OJ5sNt+TWRCGR6Ye5yWQhx0Zr8HO4X+Dbdqq1XBYt6+vXDvsVFYMcVh98iSwY6i53vX1OfzngqXr8xIsQ9PRdpt/JmhbKN9d/oqnRwZJbC6QsqjIRKB89J9HLvW/KCQ6PiVZWZXZn3uX1BsUg66vCWmxzInrDdobXKfkZ4zBNagRtcq1dM6SYPsDto5WZeNnS24mNDMQo62K4pHBkvHNutCTAAqu/J71ZYDHjCIqBjB4cG3fCpJu9Y2bnikH2J6Xlo1dMNvNnon3BElEmYGuzrTLk5k3m5pBns4J9Fw4sQaneTpHpEpjBUl2rKu3JZVEVRdsy3HFRDcOARVecPzkyYgQMwnLImsXNZVqfr+2UdWbXFINMJiXTp2WjlFm7gRAfxq80qUjm5tJttpiFxn5UlE8+R32dKTZidOd+NNjxb2vHGr81H+hhAwgN3ihrswerB60tJ7KhlbkOIy2ln0UQM4EtgOh3Oh1MxWvYWhKiWXtPb+NikI2rxswvUYI7Bv1Do+dbNN5Tdp9gZpjlRqPjnIdpgEXHWgs9JnmdlUcjM6M8DzOnht3KbQSxMIxuQLxUPt69zLS+9665kLcBPzVGC6B/2HzOt3GJNwtvdxS62ulyvbX7zLvowMOXVVBb4zlMr/PsXNb/oNB9KqV1BTZDaM6DfSkbq4t16hqzfaJYYLhxy2P5IjJsVlZyP0bjDMjiw6T8stygIepVrX+n37D+ED1yalcDGrM2eYllxcRJHQIXdOXDuCb6iD9ESdcZMeyAYuLPaIFpMMYzc9IkILFLvRFFMRCRzOZ46NOYKZcOK/SJQTQOW2Fy9zCkW+p6UMipV07Uq0DMaKKUHvKkKZ0GRFl9edJ0lETbDu6l37jXxJ2emVhH3reQy+ilN8ZUthjVwIk+/KkwqTUsGrcRz+z1W/NmIhFxRo//9hwbDWzgRg/gSMg8m+yR0RFGE/4sesJAGME7vYuodMJc65uNPkYc69Ap7USrnFqc0CcGIcs2yvIVsj6cVYRcr8GAXk7cBeuSzZ/14syFRCA9PrFGo7CnFdcGFWhfK5WJ+egOer32zsMTKxdzMGXVdjYan10OWXzoKeOwl5aGbuWeBq03t1a7WwaLi9yv18YcmIRYZncVnQjRx26FNpigKxGPNFjbmPLM1YMzWxNpOAzSJ9BYL+89rE3eySihDBixMYDyEoeIXY0RrBNRBsyI0Txj4bE/g8zvkzUuFqGuiXW8NCpsPA8zMVvaSUPPxsZvdRyxRqOgEKpsw76dEa2xxnzeRWHtMtt42l5RdAmg2BKHuMQTGfT05HL58sbvZcYki+vVx2FdBBMpM6ceGUNpvOPfNs2xnp5sD5Rjs9XKZrRgaND4jVIUavVuOx/uNPzOTIraMbExALoQ+6Z5/0Jei1B9+TDDs+WYGrXej2WIODDP8mlArFFAkaWDmOCyGIiucL4UTr68JHcUNGIiTAPRSGNuMGIwI7MEMZnq3TG7TkCH0YDBzM+AXUjOm9IoI6WZ/qPxE73seoiZc7rCVhToE4O0smIUFhBiAYXYpJLjdn4vY72xhsvqo4H5Fwca6LSg0LaGPB5rxESjBt/rXQ2sX3aDp3PQJ/TulgUbofaSFkv5rj4ySLcijCB6VCOKbWJYRegP5GANdxIoq91nTErTWdq9/IWIW3psSrbGT+TRkPXGGq4JMedZnzTQacEUOqkclddzCvSdQbrko5tQVnl/kts13Emg2Grcm4He0u41b0G002PTgzT+aa1Q3XJWeoEosKcMskB0q09ZEgoUgyxJRddn7owCxSA7o1vdtSQUKAZZkoquz9wZBYpBdka3umtJKLAoDLIk1VWfudcUKAbZa4rX+wZFgWKQQVVXFXavKVAMstcUr/cNigLFIIOqrirsXlOgGGRLitcFy0yBYpBlrv369i0pUAyyJYnqgmWmQDHIMtd+ffuWFCgG2ZJEdcEyU6AYZJ61X+/uPQWKQXpfRVXAeVKgGGSe1K93954CxSC9r6Iq4DwpUAwyT+rXu3tPgWKQ3lfRzgpYd82GAsUgs6FjPWVBKVAMsqAVW581GwoUg8yGjvWUBaVAMciCVmx91mwoUAwyGzou01OW6luLQZaquutjp6VAMci0FKvrl4oCxSBLVd31sdNS4FAAAAD//6QgF8YAAAAGSURBVAMAv5djvx4hDa4AAAAASUVORK5CYII=','contracts/d9c5c662-1625-4f3e-b77d-3477105cecae.pdf','2025-09-18 10:18:43','2025-09-18 10:18:43',NULL),(13,'Felipe Moceton','moce@gmail.com',5,'2025-09-18','data:image/png;base64,iVBORw0KGgoAAAANSUhEUgAAAMgAAABQCAYAAABcbTqwAAAPuElEQVR4AezdA5w8yRUH8IltXuzkYtu2nYtt2xfnYttOPrFtWxfbtvX77v5r0zeL/+5Mj3befupNVVdXV3W9rlf1VLUHH9RfYaAwsCkGikA2RU3dKAwMBkUgNQoKA1tgoAhkC+TUrcJAEUiNgcLAFhiYIIFs0WrdKgwsCAaKQBbkQ9VrzgYDRSCzwXu1uiAYKAJZkA9VrzkbDBSBzAbv1eqCYGAxCWRBkFuvufgYKAJZ/G+4kx6cNIWvGbh+4BaB+wTeEnhf4EOBpwduEzggcPnA0ocikMUfAkdJF64RuELgeoEHBJ4W+FTAwP9x4v/uge8kfmXgRYFnBh4WuGzgwoHzB24VeGrgboE3Bdpz3036VYHbBi4WOERgKUIRyGJ85hPkNfcLPDHwusCfA23w/i5pg/eNiV8SeHDg1oGzBwz84yVuQdkP5GJvgKhSbC2cJClE+JTE7w78K/DpwCMDNwicMbArx9Ku7FQ+1m4IBqRZHDH8MB16ceAOgSsHDh9o4XtJGPDvTWzA3juxWf5Cic8cOFgHjpY0otkbIEjPIYxL5pkHBV4b+HyghbMlcc/ACwNfCPw18PHAAwPYOOxckosdikCGvt+ML8+S9t8asDpYFcgBiOHXyWsEYMa+SK6PFTCIDUQDHlEgDkSi7Adz38BNNHL4fp58V8CqdLXE3s+YQRxWKW19OPn/CBw6cK4AYsLGYef+kuv3B+4VOEfgkIGFCjq7UC+8C1/2FOkT1sUg+2zSlwlgYd6TmCxw3sTHDjQCsJIYdL9K3iwC4vWez0jjCPICiQ8TQKiIBnH+NtfC4fJjJXtE4k8GDgy8NEDWQVBJzncoApn+9zl6mrQCPCrx3wLfDBB+D5X4qwHapVMlvnjgsYGPBf4TmPeA1UM0CFkfrSaPy0t32TKTwXWTR1v2y8TPCZwzMLehCGR6n+aEaQpRYD3MsvfItZmXfIFAaKNOl7xnB2iNEi10sGLcNT3Alu2TWB+tiv9OWjhyfm4a+ESA7EILl+R8hSKQ6XyPk6UZaldEgRBogO6YPAPnRImpZf+QeLeGn6Vj+mhVPGLSVw28I4CVTDSw2tDCYcHOI2NeoAhk8l+CCvSjg8HgOGnqS4EzBAisT0ps4CRaqoCtpKq+dHq9bwBb1mSW0+QarrBe8JXL2YYikMnin+BKhvCx/5mm7h74cqDCKga+lYhgTx393KSptBMNsF5YUVqyY8qYFRSBTBbzrNTUtFp5RX6wFYkqDGHgB7m+WYC8YnWhlIA3dhaEwkMgt6cfikAmi3PyRWuBLUGazUJcsB4DNHrsLbR8jf08UorxEDC5nC/pqYYikMmiu6vCvH+a4hsF2BIAQxyBnW3gybnPCk3dm+TSBnhh5CSPsAM1+YRFn0Ply4OZ7sSTy8mFIpDJ4Xa45hsmY3j18KFZpdkGbpf7rNAMhlxMTpnrbYZdWez36RU70KkTvyEg8By4dhKUHXB1hKQnGopAJoreAR+pUVrgYkKYf3seRjgnTrysgUGR/xlBnv0IHthQrLYMq+eWMSkoApkUZlfr5U+1mvr/r4HP05aGxkrxmtzayGeKK8alcg/rxXCItbhirvcW7OcwuwLtIzKuIYxx2JdhwOsz1jHiKcPyjd/nY2Wm1vZn0ij3EIbNJGcS4IgdhaWe1d5LWIG53RDwXfcORSC9o/QgFZrhDLhuJjvAF5PBj8mA57Vrdjxq8q4SoO3CZiW5FhprgdXgPNh1YVeI1+3bkjD47ecwuwJ1IzLaIca4FFkXqKDJShfNHWXOlBi/TyA+fdLqPmti7iE/SvzOAO2cd0pyqkH/rCI8Dmz2ohZGtLwPrjSJNykCmQRWD1qnPRjdHKsHF/HhTUd47ten4HUCWKrnJ97Ium4WtSJcMPdbINswvLXrScVsEpdI5XYhcm/fP2n+VYmmGngJc4Aku/1xT8s2gPUukxSB7MHulCNEgBjMfhs1je25SW7Yv8G7l1aHbSBZK8GsT75prAUj5MqNzg/Wg//TY5JHbQq4cfCwNfsDg1s+0A5fMcRLJQ32HwwGWDSrYPOhSnUrwbvTzH0jVzcPzCJwT+G+o204wbZK9wZFIL2hctOKNvtoBHG8PwF0s4cRhQFq1SBb/HyoINbCbI69etnQPauKZ7AhiAWQMbB4rei3k5APtGPfxo2SR34B2DSEg0XjMoN9s3KkyFpAaCzf+rOWOcWEfiNqTfKEph6W7gWKQHpB45aVcDV581AJvLQs/D7LsYF/p2SQQxKtC1YILAS3DEJ+twB5wE5D1uZXd28kjVc3yLF5ZAdsGPYtt3YcyFM0ajRIZBauIa0SsstmE0ErM6kYG2qiwHZRbFAN99ZWEUhvqNy0Ih+Q63e3gBm7e21D1OOTwSjG/d2snct1ATERoBnMujcRAXsKj1msUfeeNA9isoOVhgbIYLK33HPuKbNd4IHLMxl7Z2ttew4xWnXa9TTjj6Qx/bbimjB6W82KQILZKYQnpA0DK9FKwNogAoN0JaPzYz+4bbeIBeuAv8fvtyI/TcIAIMMkuRbsp0B4BilFgAGz2a5Dcgh1qbJWF+/jNJRuO2sVb5GwYj2rc5/aunM51aSdllY5jZK7xGNDEcjYKNxWBTQtX+mUpIFiazCr2yvC1WRYtYvdsv/cACS0kzVobo6beqxKTjhJcsPAbmHw27d+v5TwbJdAk3WQ4B0QFPnEbHz73N0OK+aoIKxdiq8E7a4ktvPTcxkTRyNQ1vdhVfhIzRWBjIS2kR6yKrQHbam9+p4Lhrj9kuaUZxVweshPct0NiAXrQIg2EGiUrC7dMoTl7nVLO/vKisPHyz4Ug3+Y5WtlxfbA26uCFUNUfMVow8ge7gMs4QuSwOo11SqiTdZMg7397QWwoi09clwEMjLqdvwgu0ZXwDYIqXFbRVYQwjxvVn5Y+Hsyh9WnlWmx78aK3K7FWKRfJEHtyipOHnl0rqmLCdeIhLrWICJU2zfunjbZYFJ0XWCrIdt4hpFSH36TUgyGfMuSXAme18bKxQx/TCxsM5Qg8Df2q0D02JVUBdvCAFduMgJB0gNYJQNPehgI0fh7W1Pp960s3EaGD3Qbfg5LhbhYxWm8bNCibeKugv2gDTN4gIGOTUM42xHUqY2pgBG11Ujbdv/Jt8KRAeTNGrwTHGP/2nuO/E5FICOjbqQHbQCi9m0PswQbzO16o5jdwSx/rdzEiiEU52Tlci0QThkOgVUEC7Z2c4sEtm6L2wOEhKiwZOpuYCVBtGQpeVvVMe17XHGsaPpGFhmr/SKQsdC344etDFSrXbaJocvuuY0qY5xzMgiNlUFvLwnW4RidwoRrKlYzObDiOKCNTEJucC4VSzl2StkGBrn6HM3T8vg38d3yjAFmfLAtYMnU3UBdiNY7dV5lLpJWD2poL3N8P+MABIzzfD27cwyQDwjb7UkDmn2CJgkxUAl/LjfN3jxYqSw54g1/K0I0YqGtSvENA0LkpoK1QxDKNjDIrV7abHm0ZAyKnvnThjXOfyb3GSubN+WNLB4ZhpE+ckX14LYwcPKUIszSYnW1Pj4oWwRicBwQ794UXRcQDcHdiuFACHLKukJLngGH7DzUz4T2sdBRBDIW+lYe5uFqtqUSZduwGmBbuIbQ/NBcGdjAKR4EZkSA/VmpYJs/Vh66fYI7mWObjy1VMSui1ZaPG1lt7M4XgYyNwoFzndgCqETp3vk73TnVcpyz38Nsn8uRAtUv+4l9HepmMBypoiV5yOpBqcAr2YQ1dreLQMZG4eDhqaKXj5F6WmDRfl4uENvlEtt1SPhMssImGKDG5nXMY5lSY5NiO8teTyA7e75KDwY2Lx02iLDrzoC2U7BphTaKCctYABZxQrQPSq7ANjWtkPrsGcFLp+oKW2CAXEcJwZ5joqIAwc5u8cj2bxWBbB9XW5U0sGmeyCDcvptWaKOY9shBA+QJcohNTOQKR5JiEVo7iIMPlS24yrX8ilcxQI2NjeU7Ri1NY0Wty1C4WqKH3yKQHpDYUxVYKKsPeaOrfWEgZPhCKAirp+YWuhqKER4CFCH8wqjG4YaRtNeOFYH0is6xK8MakDdoY/DUrlulCMWuv/smwwBJtJTBSvv19PzGAVsCOFdSijDCJqvfUATSLz77qs0AoAGzc6/rmsJn6qFpxFlRdtG5zuVSBCwnB0/44GhpiwDjKhluYgiYKoFMrBe7t2Ku5txEsA9cVLoshB19ji7ln7V7MbDaM//mjWs9V30KDGpc/bfZa7XEhH6LQCaE2B6r/XvqovXixk0ItYGqEYoVhBetbboOdmOLSfFdE5p8wUjK7Z6PlcmCpooqfOIdLQKZOIp7bYAa85ap0b9z4zeFeHI5sE3XwW72gvCylbfIYGMXFsphFrwOaKxo+MhmVtWp9a0IZGqo7rUhFnaet2ZVK4hrDeDJnRXFNoMd4dUrf96BX5kjiqwUFBPc620F0C+Ectp0wN4WLj1JTi8UgUwP15NoyT53+9YRSlfrxaJMoKXZUcaJKcM7ECfxPjupkyHUwXNWCf8kx5lbVgh12IZMzuC0Scay2Uz+1GG3EMjUETdnDXKIpPVyzpZDrm2y8op21Jl9nblFoDcjc2XnUczqP63v7zA3uxFp3th4CNf2wZCryBnelQr7LklQ41oJyRkH5nqmYVoImmknl6hx1mSsie289nk46JkBsqEAwdAI8SjmdcwDAE9vtbEZqpUbN+Z245/fIFabsgx0LjY0T/ukcpoop8fzNHD80BGT5xgkKx1iz+V8hCKQ+fgOfb+FvSZc7g0+OwMdL4SdcQ6XVaTbHvaMvGIg4/+dPO/4Hi4bPJXJOAxxZnR2me6z2DYHQxj4hGibuNTh+QNS0D+7QXjy2C+csOKaoROh8lVDxI5HTfH5C0Ug8/dN+n4jcgjCYGBEKA6H44KPxXISipWE9qutNFgcKwAfMRozMgBiozWjbjbYG2DbCM9YJytWO0vLfQY8RMNPysrF4u2MLnvYpy5sj4rUIpBRMbfYz/Ec5lj5kHTDeVsON7D33GC2GpjZ+X4ZzF9Lmb0FdhkuMoyZBG0sEwJDPGQerNze6pjL+0Uge/0sS1PAIDaYOQGSDWiZsEP7BgPsEAAhsew3sCrIt6+ekyWhG6tm1cpjix+KQBb/G06zB1gxey8akCum2f7U2yoCmTrKq8FFwkARyCJ9rXrXqWOgCGTqKK8GFwkDRSCz/FrV9txjoAhk7j9RveAsMVAEMkvsV9tzj4EikLn/RPWCs8RAEcgssV9tzz0GikDm/hON9oL1VD8YKALpB49Vyy7FQBHILv2w1a1+MFAE0g8eq5ZdioEikF36Yatb/WCgCKQfPC5TLUvV1yKQpfrc1dmdYqAIZKcYq/JLhYEikKX63NXZnWLgfwAAAP//Fxz8DAAAAAZJREFUAwDnYtW/EQiS5gAAAABJRU5ErkJggg==','contracts/9ff874e2-ec86-4bbd-8865-8931db007ee9.pdf','2025-09-18 10:19:33','2025-09-18 22:02:40','2025-09-18 22:02:40'),(14,'Felipe Moceton','moce@gmail.com',5,'2025-09-18','data:image/png;base64,iVBORw0KGgoAAAANSUhEUgAAAMgAAABQCAYAAABcbTqwAAAOAklEQVR4AezdA7zkyBYG8H7WPtu2beyzbdu2bdu2bdu2bdvv7X7/O5P9ZXr69t47k+5O0md+9d2qoJPKyTlVR5U56KT+FQWKAptSoARkU9LUgaLAZFICUlxQFJhDgRKQOcSpQ0WBEpDigaLAHAosUEDm3LUOFQUGQoESkIG8qOrmaihQArIautddB0KBEpCBvKjq5mooUAKyGrrXXQdCgWEKyECIW90cPgVKQIb/DusJFkiBEpAFErcuPXwKlIAM/x3WEyyQAiUgCyRuXXr4FCgBmXqHtVkUaFOgBKRNjWoXBaYoUAIyRZDaLAq0KVAC0qZGtYsCUxQoAZkiSG0WBdoUKAFpU2Ox7br6AClQAjLAl1ZdXh4FSkCWR+u60wApUAIywJdWXV4eBUpAlkfrutMAKVACMsCXtnuXa8+iKFACsijK1nVHQYESkG5e48VymfsE9wzuGtwsuGVw7eAmwZWCawa3Cu4SvDb4YPCh4D3Bi4L95uBvrWO/T/ttwZuDBweu7/5pVumaAiUgm1P07Dn0mODTwY+CeQz87hx/aPCIwG+enfoZwcuC5wavD14RPD14bHCV4ILBBYKLBtcP5pXDtg4eOe1LB5cL7he4vvs3/ftM9hG6h6R+zk7oz6vSfkvwguB2gT5cL/Wtg2sFBwuqTFGgBGQHQU6e6hbBPYLPBZiNYJgNCMoJsm+ZhUASqAflpg0elfb7A7MO/DntWeVs2Uno7pv6pjthRrt62pcNbhg8OTCLvTj104KXB/8NPPcvU780uEaw9mVdBeQYefNXCJ4UfDb4dvDM4JHBWYJZ5a/Z+fcAI6XapfwlWz8NMDbmbfDe7MOE1CEM/+hsm0Uc/0jafwxmlRNmp1H9UqnNBg9MTX27SOoL7cQRUx8kOGmwb2BWuX9q9yBIVLFsTjC9eqs4Zk68TvDKYL/JZGIm0pdDZnvtyroIyMnyZi8TGI3flfq7wRuD2wdnDZryvzTo+6l2K/tkD4bGsK6DITHr4bL/CMHxgxMF9jVgG9wg+wgje8QMdZtsO069oi55B2fKvjsHXwja5RzZ+GiA4TcT3O/nOHvmHakxs3sQpKNmmwCZ/fZN+4oBNZCwEtCfZHsrxUxkhvlNTn5c4DqHSr0WxcsZw4MePA/BEH5iaiP2+1JTFYye/0/7O8FbAyPsxVMfPpg1E9DDMTymfGHOeUBwyYDagtmOmzbBMKJjSIxmVsnuPS76+KX8+gmB+xAcNst/st0UDE71Yz80+7Zam9kI0JvyAzYLYSWgBOdI2efad0pthnNumjOLQYAQvyFHvxY8PDh9MOoyZAHBsPRkjIqZMNUd8rYYnhdOTVVINflX/swSBkLFzuARwvAY/8Q513XPn/pGAS+RGQdzZnPhhTBTva6aO50vYFj/O3VT2A/UwGZ7b+s/5QKEx8BihjMLosEds9+s9c/Uswq17l458OXgA4GBI9X4yhAF5BB5DV6gGYKebITPromX9fY01G2mOnT2EYZPpn58YLQ8T2qCcM7UDFcqE0H7Ybb7UMwqhJdr+FTpULtfVCgCnd0LKe7FNqOmHT13MAi9JPVmTgGzEZX1eTnH7JdqPGVoAnLGkP7zAXWEof2JtF8TfCU4Q2AWUJtR3pltKgUVgjCcO9tiEEZLv8vmIMoP0kujOiFOc6NQ/TYaC/7DMfHq3IMb+lipzc5U2PYAlN0Tg9CN06By3jb1lsoQThqKgLALuCY/HqKeLmAwMk4x/dWyzThmdAvEMWYZ1DxAjFIqRE4ZfDFrtIXEyL3Mh/pHbsb9y+nAAcAF/ofsmy7iPKeY3jnU7SEIiFnhGyGw4NZhUiumfvq62UDAjQHJSOeqnfYEOX8s6Iuwm1l4tI4TwlJ3bae5UXi4eNM2Nob+p88CwkMiEs37xHhEa6rRvdMQ2AP2xIezXWU1FGDEs1fM4JwdTS8EJc3uzfZg674JyLFDSWrE11MztnlWGKxcrmIZ581+6RyMwjTXrnAuNA/Ntmraq65/lw5IeSEwaW4Ukf+NxpD/9EFAGH/ygkSdfx5iSvo7dWqF94SByuX6PTvWHGwrJGAPcEFr9wUGNMZ60x8xnaa97Lqz+61SQMwOvB6/yNOYIQgAN6xgnYAV24NB+OMcr7KDAiLzov3UGvWOvav9y0ly83SBmzfVAYVqfMDGUBvLFhCzAWEwArIv0E3wi8tWCoa4hH3cseIS1CvbhcnETCst5tchxp5E1POzzorcLB5F74cb+Fm5cturRk1mh2T3sMuyBIRrVqSba5ZBJ+ItNsEDZS0EgZFxysYQ0BPbGDZlD7z3X8wpGIxaKc3DrHD37LOORCxBcqJotVR1uVDiOmjGe/ewnCfCD/LJpNazzdAvhzorZvMz52ry2PRHHpesBP2ZZYQb1AgHl3R+NvyyaAERjZU6IVVDcEnquJHGS29TT6oC16CsWJ4pjNM+Pra2zFhBT8/FMSFijtEZtpj9KTmA4eU7GTiM2M35aCUVRU4ZECxChYHlkKEdUE25xz+VaxEka0Nk+rq2QUkai0wEXkBxJSqb1BMz1G/zG9cgDAKz1CX9sQaF0OTwRpHYaTCT38VpQC0ejXB4wkUJiCQ4L4HhLXWB6oQJpJa77zTor4JPfmMGmT4+tm2DBaZc5HNxjUtTkRFMkKwNuVtuaHYSGacCSSORd3a07McL4kliTN5Fds0sUvqfmiNsSCn3rmNm6UuMJl3rriDKrlfb+y1Eluhm9uCWlJ5Andjsys65RA4K8FmNl+ZaFHYXmwydBNskIVoZKLO3TwQwYIlxyAHzrqjIgrbUQrNOn/raeV8WISBmg+Olp1Qpgb005xYeEHo1tYtaMPfkkR00uxpMqEnsDQOFtSHc2vLJPO7P8kecodnO5qYFHdGcvcIW4AqmnlnTYXsWBF6pRlQk4AggCHiDzcPWkNBJPXPtTW8+xgOI0OVz8T7Rj1+Xi241mHeanKsfEg7TXOvCzuAV4qWStdzEgahA7BYMOw/sA8wtD40tIKmRncGotz0LbAvGNRUJ2BwEgQ2y1i/Dw2NMdRc4bS4iUY1XhnGZzS0VL96JXq56HSEdn2fP2gpxBbOG9SBsha3MHOtIs6U8c5cCYi2GTvPGbHU5p/Obc0eTAeqhtgEfWPhWzpd4yX4z6p8k2x8LqqyYAl0JCOa2hBOz039nPtYmO+nhDklOVK8LLPuVv2SNO4EwwKABu4GXa13o0Ovn7EpAGOQeVLoI37j2VvHNnSeKkexsjrraJ0/HJhBr8NE36tSVs08wTtwizSp9oUBXAsJT4pnkVqm3gyY2ImJrLcF2fjukc3n2eKrknvEcMYJ5hhjmPoQwpGdZm752JSANwXikmvZWa/q3c2WCcnFqjwViBlyrDG3qJ+eFQcCSYYuNxBa4cMfyvKN7jq4EpJk5eGCkMmyHUL411awjMLJyb27n9306F/PzPlltZy05+NQQL5VPgnKDSzr0+Zzmw2596n/1ZYoCXQkI/3pzaakM1oJbR97sO7BaIqNzLp8/AoaptlVWeTIaCnaaDSz0kntGAMwe1khwfUvKPFc6KZ2/BCOEGErxcrvqa1uPtuhJEpu8nq1cX7Kd1AXnSn+XyqDdR0gREYzzCVEpGL67Jd1bqohPhqKDDxocJZ1nX8h/khAoyp1dVYZEgS4F5Lp5cGnQjYtSNFdeEddlDs0tsngJhW/kOtEXTHwXShYpxvOpGQYuZwBvl2iy85YBXieJefLEuKR/lZuKUfiCihQN6qFMWSkZVCkeKSrWrC9+iHPIvVLnMlX6ToEuBcQnOH30mCHajJZSuakZFkdJx5bVuxlzM1blIvHyoBtB4Pqkukh4dF0CSHBcn5tUzEXathHcrCWPyG/3BmwIyYNSNHiaCK/+mxXMENzYPm3qftQnwuGrHvrOK2VWMYvITPaJTl46aeOu5dlkODu+N32s3y6JAl0KSNNlXhvMYm1Bs88ILOdHZijmxmTyjBjl7RnGCG3Rz/PzQ/p8qk2LlGz3kW7NBmD3YEaMOA3CZFai9mF8sRdeJbOBLwYSgoaJ2RC8TFLBZ92cbWUWEMsgNNavADuMOmVW8YFnaSK8eoS2SaPx/3wQGn2Yde3a1zMKLEJAPKJR0mxh9rA9DYxCJcNkzsHQkhvNCJjNPkxqXYnPWbJLCJ6kOvo8t+n0NedtEyYqnERKjH/KnCwuwZ4Q0aZGNUycQ+2yrTaVkkePgOuvtBHCxGahfpk9ra4062zrwnXyaiiwKAHxNOIbvnJoRjBTMMLbs4pz2vBBZDMCRpaXhIm4gAmEdeyYjV1DYLp2BVtFZ80Km8eKPszdwDJYaeCzILiJ6RuI48gqECE3o0gbkc4uO3b0ayfaL3Ms7UUKCBphCov7qVfULDOCvCPrCzCQ/KNFuz0tOTWqy5RlPGN8TG9kZ+dgbl+Cx+yWlPovyfStAeNcGvgsECrPWRgpBRYtILPIJnjGkMWojHDqD7VDDERQjccKQ3+19WM2i30NLMrye5AmLiO2GeFdD9M3EH8wqvsvEdgMGB/TG9nZLK3bVLMosCsFViEgu/ZgxxbD1X8w6cMNvoWFoRnvDZOzEexrYH01RgfGN69SM8Ivekba0eP6uxYU6IuArAWxd3vI2tF7CpSA9P4VVQdXSYESkFVSv+7dewqUgPT+FVUHV0mBEpBVUr/u3XsKlID0/hXtWQfrV91QoASkGzrWVUZKgRKQkb7YeqxuKFAC0g0d6yojpUAJyEhfbD1WNxQoAemGjut0lbV61hKQtXrd9bDbpUAJyHYpVuevFQVKQNbqddfDbpcC+wMAAP//QLqz1AAAAAZJREFUAwA1Foa/Xzst7wAAAABJRU5ErkJggg==','contracts/0548f96f-e43d-4819-8818-f1ac8e4a4d0b.pdf','2025-09-18 10:19:52','2025-09-18 10:19:52',NULL),(15,'NICOLE VEGA MUÑOZ','DASD@gmail.com',5,'2025-03-03','data:image/png;base64,iVBORw0KGgoAAAANSUhEUgAAAMgAAABQCAYAAABcbTqwAAAH8klEQVR4AeycB+h2UxzH/4jI3iEjUmTvlL0JZUdmiJQRsvfIlh0yQ9nKnhkZCdkkFCFkE1HW9/P23P97nvs++//cdc737ff9n3HPc8+539/53jPuve/ME/5nBsxAVwYskK7U+IAZmJiwQNwLzEAPBiyQHuT4kBmwQNwHzEAPBgoUSI9afcgMNIQBC6QhjnIzq2HAAqmGd9faEAYskIY4ys2shgELpBreXWtDGGimQBpCrpvZfAYskOb70FdQIAMWSIHk+tTNZ8ACab4PfQUFMmCBFEiuT918BiyQnA97JOfWsf9aIK6oLXYGLJDBPbxPUDSMB9mOxsaABTK4R69R0WNbIK6oLXYGLJDhPHyJigMFI9ne+tXfwudCL7tbB/cXbBUzYIGU54AzVNVtwizCUsJRQie7Tpm7CTcLiwlV2Tqq+A3heSFZs0DKcT0d/vSgqrcUv0zoZJ8GmV8H8bKjJ6jCNYWNhJuEJM0CKd7tB6oKpkwKptn7+ruG0M0u1IG1hcWFKm2FoPJXgnhS0SYL5GB5irl8tzuxDlduz6gFNwih7R4musSZ2lQ5etCs3/nTwrOtMLmgyQJhTs9c/kh57WKhbsYie7Nco15U+gOhCZb1DcT6SRMaXEQbMxKKOHfR5/wqqOAYxZnnK6iFbaJWsCWsoM0+bkvVN0H712o1LwtbybSCJgtkXbnqMSEz5vlXZImKw/1U/0pCaD8pcbRQgBV+SgRTeCV1rKDJAoFPFsDfEWnhcIXvCFXaMqqc6ZWCNttZqZ+FJtgcuUaumksnk2y6QFjIPpjz1ipKsz5RUIkhkHzFjGzP5TNrnGbKGjZvgzCRUrzpAsFX1/InB5451GlaUOUDvxw1AyXXy5VKdh0Sg0BelzOfFvKGSGbLZ5aQzk9PqJINhPcUYbsU1Em8atYM9nIuZ1mlFxKSsxgEgtPO1R8ewCmYNDrhlpOp8iLdHqqxaKdNAJFsU16Thq5p+rOl6T8d5PnN9NKRxGIRCPP7ezv4hGckHbILzWIhfssANbDTNUCxSoowKucr5t2sfF706VgEgqNYmOdHEUaQ/MM6yhaNA1TBpgLCVdDR3u6YW49MdgZfzTWl0+ZDrkh8yZgEgnd4/YQwRFV3asSBSI5QY4grmDTSg4wykz8oOMI27q6qY3Yhs/yIzNRw9exgKmFsAmH+/3DOedsrjXNvV8idkQXocoqXZVeqIoQyk0JAHHyjdNU2nxpwh8Bodo/C8MErr+Yrq83OaUslkIhNILiM7yzCF+0WUOZ2wp4COzHrK3xXYOeLznGS4rzWraAUY/QopaI+leyr418IewmZIeAs/q0iXwqhdVqbhMeHijehcIwC4XsKOn7IP6PIH0EGW7GbK03nYAeMF/Ky/5DhR+XTie9XyNeDlGna1ILnFnzPAQ+MVHzFmF1fFt6q65tLwHgZkRvFLiQCkB8kJ+YJEynEYxQIfruePwFWVPx4ATHwxd4vinez+XVgY2EngXen6GRvKp51LEKmIgjoZOXzGW0VPHK331r18ybznQqfFNg+/kchd/rzFCLuRRXyFaOCGYz3w45T7soC5X9QGNqjYULxPQRGZAVpWBWOLYNZRgTm1GFdPKw7RRmHCssLTDFYH4zy7hbPMBAQc3Lm6nRKhPO9zvuEcIFwqsAC/RCFvCO2ocJB+KYzb6Gyhwnc0XmHi3ruUpr104cKqetfhY8LvBZCx2XHjrVWWMefOg4XDyk8M8Bpim8rLC1cJPwldLIHcpl8xMXIm8uONxmSGdtV5gVC58mukcU6HZsOvJoyFxQOErgL9xpdVKSncZ6tVIK78lkKLxd4FYZ3sV5QPBMSHbwbmA49pbJXC+wk3aeQkYoHdayfwi/9dKjNeDftEeUgBt52nlNxvk7cUSHb4BnOVhpx/aawlzHFYgQNyzDChumo47EL5KPAe722VVl33KiyTFmWUMhrKoiITqxkrYxRiv9I4Sq1CiEwgvAyIWLgDs96CyG8puOMMgqmZEwnwxNwEwnTdYyPrU0xCwSSuNuy9qAj8fCOvH5gB4y7/yIqyHSHJ8hsy/J7zsO0gw4K8lMTpmvkg2wHiLs6acAowgihU7cZDzg5Dtimph7AJsGJKkn9PKhj3bGw0oyGTNsQwqVKvySEmxBKjs0YQebV2WgP9X+meDIWu0BwJP8JAh2J+LBgBGHBy64WIxDnYU1ABwU8WKPTZGC6Rj5YUpXRsbmrkwYs/mdVflY+C1kkcxzsoOPUA/gq8XylqZ/v7xWtxH5VrbRHQVqWgkCq9Cgdu8r6XfcUGbBApkigfx43AxZI3P711U2RgRkFMsUT+udmICYGLJCYvOlrGTsDFsjYKfUJY2LAAonJm76WsTNggYydUp8wJgZKFUhMxPla0mDAAknDz77KERmwQEYkzj9LgwELJA0/+ypHZMACGZE4/ywNBmIRSBre8lWWzoAFUjrlrrBJDFggTfKW21o6AxZI6ZS7wiYxYIE0yVtua+kMWCB9KXeBlBmwQFL2vq+9LwMWSF+KXCBlBiyQlL3va+/LgAXSlyIXSJkBC6RK77vu2jNggdTeRW5glQxYIFWy77prz4AFUnsXuYFVMmCBVMm+6649AxZI7V00WgP9q/EwYIGMh0efJVIGLJBIHevLGg8DFsh4ePRZImXAAonUsb6s8TBggYyHx5TOktS1WiBJudsXOywDFsiwjLl8UgxYIEm52xc7LAP/AwAA//94zaDSAAAABklEQVQDAA/iA7CkK5+5AAAAAElFTkSuQmCC','contracts/3a81dfc2-93bb-4705-9908-84cb5b0bd27f.pdf','2025-09-18 10:20:33','2025-09-18 22:04:39',NULL),(16,'ULTIMO INTENTO','yacasi@gmail.com',4,'2025-06-16','data:image/png;base64,iVBORw0KGgoAAAANSUhEUgAAAMgAAABQCAYAAABcbTqwAAAJ3klEQVR4AeydBag1RRTHr6IotqIiKrYIdhcmBiqKXdhiKzYGCiqKYge2YqFggYUYKCp2t2CLigV2B+r/93h7v3nnm731du/O3j0f59yZc2Z2dvc/+3+Tu9+0Lf/nCDgCuQg4QXKh8QRHoNVygvhT4Ah0QMAJ0gEcT3IEnCD+DDgCHRAokSAdzupJjkBNEHCC1KSi/DKrQcAJUg3uftaaIOAEqUlF+WVWg4ATpBrc/aw1QaCeBKkJuH6Z9UfACVL/OvQ7KBEBJ0iJ4HrR9UfACVL/OvQ7KBEBJ0iJ4HrR9UfACWLq0E1HIETACRKi4XFHwCDQZIIsIixOHdcrFL4qXVPq4gi0EWgiQQ7Q3UOMjxWeMq4HKVxR+qyUNAUujkBzXpjaUpV9lfQ/KSHEUDQqpN0eTXFn4xAY5RZka9XmmVJIcZ9CWg4FPcmOynWBtEjxsmqIwCgSZH3Vw/3Su6UnSvPkNSXsJN1QernUylFyrCF1aTACo0SQDVSPdI0eV7iFNCaknaaEQ6QrSe+Q4jtU4TLSt6Wh7BwaHm8eAnUhyGOqGrpKhIpOJZDjUnnpGimYIJ/KooVYVSGtBYNwZq1kTpB3ZJ0rDSVWXpju8RFHoC4EgQBURRYSR2fRz9VSiEMLoGhbaBloLZaVhxbiZYXd5EaTYUHZx0tdGopAXQjyZaR+FpfvLun+UisQI2stfraJXez3TPoCxk7Q9EsqC4G6EOSLAIAlFN9K+rp0Y6mVteWgG6VgIHnGHDWDsd1sEAJ1IcgqQZ1AgBtkzywNBRLNLweLfQoGFnv8tgOXNPHAY2VeL/1Q+pKUCQWmnpdT3CVRBOpAEDvuuERYziUNBR8kinXFwny9xG0Xa55eDork2U0+xkaQgQkGJgD2lm8xKdfKBACLlm/IfkHqkiACdSAID1II3eyB8Y/iB0uPlH4lTUG43vd1ITdLITdkULSjrKbUt6Ss+CtwSQWBOhBkhw5g0dVC+QvdIVtfSdv3lXtKZojxkUy6ToyTFO1LmIVjxR9S9XVgqZkbXngdCDJ9Th09Ij+txx8Ki5TlTWGvGDtmMikAMRaNJQY+WrybZDM1rSAqnVb/owe4szwEUifIUrr1OaVW6E7tLicPnIJC5S9T2kPGtibkYIOj9WM/rx+mnA9UyLQzZN9LcexpFLJXTMEE2VTWIC2QDnMpGoHUCbJC5IZ5gNkj9XUkrQjXT6YQxgbG1TbXUixGju/l31XK+yUQiBaDhUu5JshJsiCOggnCAuUEhxvVIJA6QWglLDJnycH2EQWlyKym1H+NHZr3hMZ4/EKFzLLdqrAXiRFw6V4O9DzlI5AyQabT7W8iDeVHGXRZFJQm4SwZJ/mOn4gyhWungNkdfHQkbycXXSqbPq91jKJdh3tKmSAs0M1oQGTqtMgZK1P8mLnQ2O+Un8+nRNsxyGFnm3h/hN3B7Uw9RraJ5KNbFnG7a9gIpEyQwyJgXBfxFemi9Qj/ejPesd05xhaWHHfqIo6R9iPsI2O7DNPD4XGxgXuY7vEhIpAqQejDr2NwYI2hlylXc1hf5kbKHWLCCvcv8oXC9pDQZh3GPuRhuo2zmv6tnLQcdkr5E/kZuCtwSQGB8GFI4Xqya+CFJnttD2eJJYZ2zPOgOdfKspm5UtCWfdqx/AhfUIFEbDthPxZ/AGK57Xb7WB73DREB+xAO8dQdT7VfJPW8iK9ol51ytWMKZqjC3b28ttvpGtgFQDeKL6iwkJi37eQBFcK6iI89BEQBUlgRKRKEQfLC5g5/kM0uWAWlCTuBWZjMTsDDbzcufpYljodXjoexgIcdgtluVJiXHcisvue9Ihzm9XgFCKRIkNjaB7NGZcNzvjkB+6KMqzWbcYSk5c1FuoZnKw9jjNgCopLaAnl4GYtxR9vpkbQQSJEgdEssSt22e9j8/drsot3FHHSLsTHn5ifQcAD/pvyXSY+T5o0xlNS6qNVqMYXNmomiLikjkBpBWHjjayMWMzYmWl+R9p6mMAbL7xofZt7er9VJNMo78LQOH8hPnHUSunF8TohPEsntkjoCqRFk3QhgbEwMuzKRLAO7TteRvGTFDJOiY8Knf5iKHTPMD12n0MWsFjbTwbQMjFlY6ecLKijjiyWVgTjrJJxLpktdEJiaINVeefbAhVcR2+QXpg8aZ7r1ZB08nzQUHvDQDuNPhYbiPPTs0FW0RcvAIJ/BOS0GPteaI5AaQWLvZxfderAKzpRrrJVgTYPBc1612q4Rr8/Gysk73v01QyA1gsT68kVtL2Gxjlmm2AfmXlS9ZR+DUDRXIOsJJvUc2WysVOAyagikRhA7jfqrAGeLiYJJCV8UoXvELBOvtoaFMZsEMe3XTMI8YZyu2W+BYw7F75W6jCACKRGE7spMBuNHjZ2ZTMvS12d9hDBT9kkdrkxsS2HQzFdD2P3LF0VYc1BSW9ily3ijU5eqnTmIfKO43cC4uXy+h0ogjJoMlSBdwGOAa7PkrVQzOGYhjvEEYaYQ4mIVwp6qIxRCGAVTCYt5e8gLsRT0LayZ/G6OOkM216VgYGH9hDENb0wOXIgfWBwCKREk9pVE9ijF7tZ2k2J5rI/XYJ+Uk/1WjCMmMzvG/ir+V6o/VV4o7BdjmpiPSYT+TnFIDlFpDVlspAv3nA7YTupSMQIpEcRO8bLIlgdPt24RYxeOZbqVvIwz+Ou8npyTIYYObwtfJ2Fs03aMR3hdlq/J07VDeacEopOf2bNrlI/XcenioRCDFhCisJCo5DHh86pjEf+pDoGUCMLqdYjEbaFh4nytnYeJ1iBUFuRYnOOr7+yOxYYckMQUUYh5rUqhW6cgV1gn2UypdOlYkGSnMv/vCGMiVElRYXwUTXDn8BBIiSDMBDHdyt3zYhTTp8TzlFVpWoNQaTE6tTx5ZQ3q55tcdLXoDrGaPmg52XFcO+MjSE8883tYEQIpEYSPIzDdysPBexPYvcJSdT5en2VgzfUzhvi7jwt6WnlpLbhvtsZPdnyk4lyKQiAlgmT3RIuQxesW0gLuq4vmpSoWHpn+5eHnzcQn5M+UKWh29JKPV4sZpHPf/f5fJirSpUwEUiRImfc7rLIZnLPwCDF4+CEKg/BM2bfFthUG8MO6Jj/PAAg4QQYAzQ9pDgJOkObUtd/pAAg4QbqC5hmajIATpMm17/feFQEnSFeIPEOTEXCCNLn2/d67IuAE6QqRZ2gyAk6QKmvfz508Ak6Q5KvIL7BKBJwgVaLv504eASdI8lXkF1glAk6QKtH3cyePgBMk+Soa7AL9qGIQcIIUg6OXMqIIOEFGtGL9topBwAlSDI5eyogi4AQZ0Yr12yoGASdIMTg2qZRG3asTpFHV7TfbLwJOkH4R8/yNQsAJ0qjq9pvtF4H/AQAA//+aYTeVAAAABklEQVQDAENNO7CwUt6aAAAAAElFTkSuQmCC','contracts/ad3158bc-a3e6-49b3-b99b-71bdbe0feba9.pdf','2025-09-18 12:25:47','2025-09-18 12:25:47',NULL),(17,'MOLLY PRUEBA','moly@gmail.com',4,'2025-09-18','data:image/png;base64,iVBORw0KGgoAAAANSUhEUgAAAMgAAABQCAYAAABcbTqwAAAQAElEQVR4AezdA5gsOxYH8F7btm1+a9u2bdu7b217961t29Zb27bt/693MpupaUzP7Z6unsn9ciapqNInOclR6h540P41DDQMjMVAI5CxqGkFDQODQSOQtgoaBiZgoBHIBOS0ooaBRiBtDTQMTMDAAglkwltbUcPAimCgEciKTFQb5nIw0AhkOXhvb10RDDQCWZGJasNcDgYagSwH7+2tK4KB1SSQFUFuG+bqY6ARyOrPYfsFC8RAI5AFIrd1vfoYaASy+nPYfsECMdAIZIHIbV2vPgYagXTmsD02DNQYaARSY6OlGwY6GGgE0kFIe1zHwOGTuk/gGYEHBW4TOGZgT4VGIOOn+6QpekAFD0/6ZQHx0RLvxnCU/CiE8O3EvwvsF7hZ4L6BJwV+EvhP4N8B8Tj4ZMrvGThkYKVDI5D/T98FkgTXSfyiwDcC96/g7klfPSB+ReLdFA6XH4Pwv5QYIZwo8aRwoEmFKTtr4KGBvwSeHzhf4GCBlQt7lUAumpm6W+C9gbILSoMXJu/agUkBIX0nFcSJthS6lY6cjFsG3hp4feBVgU8FPhF4T+BDAYR65cQXCUxblKkyczhDWjwx4Lcg/GMkXcIvknh/Bz6SZ/j6W+Kthuulon7+mvjVgZVi0/YKgRw1E2MxYxcQwTvy/IiAvETbCidMq5sEZg1nTgNE8avETw1cInC5AEI4S+KzBS4YOHcAoSKcdyaNrXlXYrtxon0OTsrPppfbBrBWiQZ/yp/9A8aAWOCnBmOyZrBOCBYcIvXPHzDmayZ+ZuArgW7Q7krJtAFcNfFKBINeiYHuwyB/n7Z2Q4RB4DThyZoa3pcaDwyY+BsmlpaX5HqwgNcfpiQsKjLNx1MPUSSaOVw4LezGWKHTJr2dcIQ0em3ASZloGH6Tv05UcteNknaSOSmSnBr+nhofCMANGe3mSZ86cJIAdg3+k1wPx0sKiwpOnHSvw24nkDsE+/jrRFsKr0wtJ8tVEiMMC9rEPy/P0vJ+lPQsAWFYNN9MIzLNQRNPCxadE2ZcPQvwoym8eGCWoN1n0uAKgRJulwSlw6MS/zQwr0DQ1zeCPF06dVolWg9OESzkekYfE7udQB4fpH8/gD35bmIsjZPgyUk/J4AYLpXYwscuXC3pewTwyolGhi4Pfd6Rtf6XieX4WZJPDxwnUAIWhFDsJDlFMr27BmwLtvDYKTM2u7vFZKdP1jAcNn+dBBZaklPDLVLjgEDZtS3gS+bZLv+vxIsMX0znZwrA79cTl3DOJGw8ifoZdjuBwPoJ8ucgAZqZWyc2Ifhu8gNiIA84JVI0NZS+6or/rB/W0hbDp5N+SYA9IdEAkWLzsEnYI2rQt6egXjB53BCoVY3N7n7dlGBPsDFJDsOh8nf/wWBwjcSTgpPraalw8IBApiH4v83DDoIT2oYgLq91ytQnWsnvRbwXCGSeiD79iM6wTiXbiUCoxsYQxuXj5amM8eQXSgYNFWJJcuZAiL5WWlns+k1ycJj8eXEAK5NoU7hBcmwKiQb/yB+np3HSXOVxKcFJgkX08iPlD+JP1L/QCGS2OTlupzr2iQLg6Mmn73ca0UblcRg+mL+UAidPjMVLtM8BYdwqvdw5IJ1o+AFAJ5J0DTRR2Ep5iJKywY4tLW8rYPyFyBCa9FbaTavzgqoC7Za+q6x+JBuBzDYP2IO6BfnmjMmwG9L3JzkM2Cb8PZUsDc8wc85/Hpf+6r7ZMbryCNYKG5aqA24jTppCVPIQEPaNzcWJ8oNkfiugDiCbYAupfvUFpNX7cuq9IUAOem5iJ9ODE18sQB1MQULOojl8U/LuEsCiJhoGchk2dPiQP/pO1K/QCGS2+bCg6hZ/zgO1bRF8Pd8xeQxwO8Hfd3ddJ0tePwyUAjcepgYD9hP2CY+UAYTjN+aB1srCtaDZdZyQ5bekeHgyibug3qmSedkA+cHJRL67d57JVQgOASNatqdLJx8hOkXBQ/KM3bxr4jpQ/dbPS083ApltCmiW6hbnyEMRfBEKOwLNGatxihYeCPBOhfIi7BDwzKfK2BAtTZWx3S8FfKxYxC+T9PQw/xpOkXul23cHnD5OtiSHgbp5mOjLn0Ygs83EETvVqWNlkTXYJGidPO8k2Knr95F32H4Y/OTbsbE5H8sDFbeyJGcK2K3SgI2mpEtMk/eF8rAW123WsjZFFAv1qbepwrIzGoHMNgPUrN0W3Fa4itiZu2XLer5pXkxxYJEyDnZtN/J/nTp1kMdKj2VCRFixAtZJSdsUqKo5Ipb2jJ8WO02deqdJgTzpAlTbj05+rfXL44CtRwzIbuLegB/em8H0fCCcC7syCHUud5Pf9mjshGQGUEOyOMWAywf7A1nBb/m8zDUgdCNycgHHyT+u5Y+LqKrJFfWJefxUZqOhFCDAdzVl3GPIHCdLvWMFvCfRhsCna0PGsh8agWx9Bhj/6tpsCtSTv6wzl5C229evpWa2e5c842MQxR6yP1D7dgn6eqlM09Rd1MkeG2i3aK1qYuLkSOgf22itgHLASYWApdeyh3aaku5F3Ahk69PQ5ZXZPb639eYLq0lQ/8OY3p0Y2B4nChaqrlaEeXnU0eJZAbHxSKjZtetvtZPUI7fV7B85Kdn9CY1AtjYXdt/LV1WdHm7bVVlLTY4SnA3IAsZaSXcB8ZQ8wnvXhlLKpsUvTwUq3ETDgCCxW8OHCX/IJPzLVCnjp2nz3BtoBLK1qWD15c9Vav8wCUbCREsPnC7LfY7uYMadLOrVBOKZAL1dInmzDipwr6V63JAkx2HNXMulNkfA8KnSpHbKdxwagUxHOS9YBrG65k4YAev3jUszFBZ17qg63XHXdRAIq3jJs+tv11DX1T4xIpZ+S3zKJBASmYNB0TUAKmhu8MU4+bXU6VVoBDJ5OiyaJ4yoYlJHZO9o1mPztlHuGfzB7MopHowql1/A10pqIVs+jRZvAKyS560AAx+/tFK3uOSw5rPTUO1y8Xe1QB3vfFgS/MKK/OOUJpMkuz+hEcjkubDAWKO7Am7tQzS5h8WUOjks4lG9u9LK3aOUcfso6W5sB++eMtxIEJ9F7XfTVgG48F4WcH5bn0tnTiCuJG4nYp2SNQzusHBtocTgk1WIzSUwRMma7h3qaECDxvJfC/vytwtza9cIZDwq6eqLRoY6sq65bAKxWOvxlDQXF2ySeyglj+qV3aM8d2NaMEJ6N78803YBxOG9bCX8trj+8+xlpVde6osZVBkryW0UGsaEkOQjEB+rQGQ0WPzE3OCcJC/pcynQCGQ82qkvTXB9i0/tWa/cajNPsMjG9ceewUj3ulRg4WfXcAIyAiZrbLD42Ug4MI6tNGMBvPETQ0g+l0T+cPXYTUZCuhuR8tiSZvlKyozD2LfqjUDG489iU4rNEBfgoVrSy4gpDUa9l9ANShk2q8yvG5Qlf1ysLUJi6WYR154bf/e0tNMjvHH9cJdnLCSH+HIKVxceB7RW5BEsHJbKxS/v09+4vpaeXxC49IH0bAB2PTp5Tng1e2IR2RWXNVxq0UK49Rhofxgua1aQDYQcoZ7bjaPaKauBd7Id/cfJdHpazF3VK8t9d90QwL3vPGnHWZLcg20yLvf7eSFQHHA1wZ6Re16aupMILcXLD90fuvwR9WMEj1kbBgJZSw4j7MswscN/sEnuUBCqLdru6+3WdmULjhMhx0lCtHblBPRllp+nIW0TWYVsALRRBzgxWN3vlHrurI9j52jxqLqxTO6+OCUoDRAIgZ5FHMEgFkI9/y/12FpoydL9aoTNBLIa4170KGlZvIOuXlzgKSWxQ7EF6osmCNMdCvfPy6vtzl0CVmbMPhRhcVJTl1NFTB3Ly5dHLn8tIF+7UYBoODXSVmGbaKfgxongxiQtFGJzGiBKNwipbTkmEuCdwggNsRRr+aj39DavEcjmqTGx+PBuCQOX++fd/Hk+0zi5cEUGcL+Ctd6OXtSk3uUDEBQIDG8+odo10qmzL8C50UUmX0qhZbLzM0Y6VWm8jEn/CIR612miLsJ0BdenjrTB8pFH1F1ZaASyeerw4HLp7MUFqDNLeh4x3y6LnzCM7cDqsGHcPp3T+vBVSnI9YK/YCtyB516iwIJFKK7QOmmwYR9OgbHb/ZOcGLzTZS8ngEXO58wpAwd8rLBkdQdOB+MjcL8lBYRwtgs2Daed34S43WVP8eqHRiCb55AAKberXcFLy58FGM9okNgZ7KiEWTu0xUsVa1G7v0GuGMXqWKBUsFga3/XC4rlCW49BX3h+DoOur5IDCPPmVp8F3LXournTKnE7p1FCENikum9phPrsJAjZLlQ54Xy9HSGybSBQX1gp/lSpunsCJO6eX7Pvv6Rr8Kp7fFYeLHJarNckjSe3YH3m3+5pkRBuLXpuExYytszX090Fp0WymMY5FqbL4cflGM7IG3h9BIa4sDHK9wV8AcVXIOvd3ZidTD4ZRB7RP2J1UtDYYSmxej7+QHtlHIgQy4cQ4YTbiHbjwDUBeKLSHVent/k7SiC9xcLogVFH1iU0RRa53faKKbBjm3yLC19OQ4NPxzb5EJqbdak2NWBRsG/8lAjX5Ap+Svqc2njGCj4BiuioXmmwNLfwEbkTgL2C8O+koKZFzE4n5U4gKl9sHGOfttMA64U44MkmMa1+78obgWycEjt+ybGA7ObleR4xo5vFZ+EUtSitEuMfJ0NfTpzHeyb1QT6x+H3qh72j1EU4WDmEzYfKCeLEId/wvnUCkVlK/UkxtW/5jZPq9b6sEcjGKcLzlxy8O6Fzu+pJxGaREX7t0vrDu2PjsDZ4eXx8zfKUdy8ydhL4dKk74fUHE8o7jRN7524Igx8ZB2vFjsKLgNqWEVF9dWmsKA+4qWAt+VhR89oA1AHwgCWVXiloBLJxugiiJQdPbmH7QgetEbmD/OEEKFAs1drQ7KhDTUyg5uzIv4nwO41P136RQG1tgbOb0Hw5sYyPitj/P+j+Brau/v31eBABx012Dh++1g/CcaIgHt/d8p0trGWXNWV8pGjw3rrPlUg3Atk4TSaek13JdZEHEbA7+BgCtaYToICFZxcFZ08jdQjyBN88LjUYq8+BErIRggVu52fYo5WiMCBXcRz8akZKMYBoLHReuzyC/fYUDRCDeKuAlUQQLO3nSiOGzkSrF3YLgcwT8xZU6W9V2IJDZ8DUtVzJfYrHgmbE4+JBTYvwsXOIhG8ZV3TCeJptCDRvPGz143NGZQMgJ1Ee0KhRd5e22E+nKdsHJQU3dmwkYHVnad/wglV7aASyecb4GJVcBjPsQXnuU+y2npPNTk24Z/3GLrF+GyeiYMzD9tBGUcuSEfhqKZ8F2G4oLOCCDOL0cWpyWXGasp5zROx+kHqWd/SybiOQzdNCTUuVWUqwG3bT8rysGEFQt5J1nBDUsuwQhO4yJovfQmaPoZHycTdfDhknW5R2LR6DgUYgmxFD8GRh9h9ZllKLjAaHG3zJW3RMXiBMPzIvYrBDEGwu2JdkpqdZ9wAAAgBJREFUDQMWx8UoNga8PmdGrJDxs3kMK7U/28dAI5DRuGMr4CKCTSk1aHC4kPsfpLijYDFK2XZiBGCHt9tTg2KVCMvc0Z0Q3k0di3XhOuId8sgSNE5cVHwP14cOfKOLtkg79RrMCQONQMYjkgV5v8Fg0PXJoqniteqksSAB4ZZ2SGxXt5A5IPovEQ7IKwj+ntkIGCC1UccdDtZ3hjusEq0SgThN1oOTgPqY9Z5WjSxB40Td6p3rFVti/hhoBDIZp7Q5tD58kWqrc7cV6zOBVXywFDod+DRR/fK+pUnyzEbAvpIqYwMVKdmCDYUccbrURJScGxFZHlvYKQw0ApmOaTu9/2KM8c+9iFo2md56cg2nCz8slmiuHtg2MgYvWWwXI9zkHlrpQjHQCGTr6MU6uVnnUhMXDXr+GqhXWd3rvHFpwj7cuytOEOfQV7u5bH1UreZCMWCSFvqCXdo5YxyhugbCNYtxnTcuTSYhh+xS9Oyen9UIZJlz2d7deww0Aun9FLUBLhMDjUCWif327t5joBFI76eoDXCZGGgEskzst3f3HgONQHo/RdsbYGs1Hww0ApkPHlsvuxQDjUB26cS2nzUfDDQCmQ8eWy+7FAONQHbpxLafNR8MNAKZDx73Ui976rc2AtlT091+7KwYaAQyK8Za/T2FgUYge2q624+dFQP/BQAA//9flS6mAAAABklEQVQDADqSMc5t4vcwAAAAAElFTkSuQmCC','contracts/5a2375be-ad9a-4586-944b-fba52d48124a.pdf','2025-09-18 20:41:30','2025-09-18 20:41:30',NULL),(18,'sdasd','dburgos@megalabs.com.co',5,'2025-09-18','data:image/png;base64,iVBORw0KGgoAAAANSUhEUgAAAMgAAABQCAYAAABcbTqwAAAIiklEQVR4Aeydd6gkRRDG1xwwICp3qBhPPCPG+0PFgFmEM2OOoKioZ0BUzGLChDmiooiiiKeICkYUT8yKASOYs6dnwBy+3+E86tXNLvd2Z3a3p+tR9bq6e6dn6uv5djrOztmKv0AgEGiLQBCkLTSREQi0WkGQuAsCgQ4IBEE6gBNZgUAQJO6BQKADAjUSpMNZIysQSASBIEgiFRWXORgEgiCDwT3OmggCQZBEKiouczAIBEEGg3ucNREE0iRIIuDGZaaPQBAk/ToMD2pEIAhSI7hRdPoIBEHSr8PwoEYEciTINcLzI+lUaUgg0BGBHAmyuxBZVjpZuqZ0lEQkELAI5EiQXwwAPxo7zEBgFgRyJMhLBoVxxq7LnFRXwVFu/QjkSJBvDazjjV2HeakKfU76rzQkQQRyJMhPpp6WMXYdJv2dotydCyPCdBDIkSD2CVJ3J/0rcytMN3aYiSCQI0Gsz5vVXE8zai4/iq8ZAXuz1HyqoSl+HnMlE2XX1cyaW2VbAtrmlrJCUkAgR4Is4SrmcBevKjrFFbSHi0c0AQRyJMiqrl72dvGqomu7ghZTfD5pSEII5EiQBV39LOniVUXtYEBRJs2uwq4wjKLqQiBHgjztwFxA8YWkVcufrkDmQv5yaREdcgRyJMjLJXWyWklar0n+aTGHCrQDBIqGDDsCORLk7ZJKWbkkrdekX10BPEF+c2kRHXIEciTIe6qTf6RWJthIRfbvrhzO+bdLi+iQI5AjQX5WnXwqtbKSjVRk/+DKYYkLTxGXPOTRzC8vR4JQ5dP4Z5QJQxOtxIQQtqDvbSTsNBDIlSDPuuqpgyA8qexp7D4Umx72ECOQK0Eec3WysOJLS6sUT0Ifr/JcUVZNCORKkDeF5xdSK6vYSAX2JyrjYOmH0tukZ0tDEkMgV4JQTffzz6hfgmKyujZv0pErSPeTQhgFIQUCKYQ5E+RJV0F+1MllRzRHBHImyAOq8Huk30kJ71OYslCXa8mBuaQhFSEAqBUVlVwxjDLtqqtm+TshcUWTlOV01V9LX5N+I11PGlIBAk0lCJugaP9XAFESReygq1xcirCs/i4ZdawvU7F5SRMJwi4+OsQHqiqfkuYgflnLinKakbP5FeYolfncRILwqp0CoFxWz9KHerdw+v9wXYUnSUN6QKBpBDlDWNidfHsqnoOwjGVLOUo/RMGIsJ04ly+JEaerNJpEENrcRxhwaGIxSWeSGm3SrDxEHtqNWgxAbKq0kC4RaBJBrhIG3BAKWrxe9BaMzJTJz8fls913cpDiIV0i0BSCPC//6ZwrmCnMccw0MvvHcnp+3sF2zhnCzgyG6tydlSDVld2vkrbTiTaQWvGz5Dav6TZfDna/C30QhoGb7nct/jWBIA+WIJMzQdi1yDyQhcV/gdi8sDsgkDpBTizx7cWStNySXnAO84NBLimis4NA6gQ5ssTJXUrSckvyT9U/cgOgKn9TJgjDuks5IJgk/NilFdFnZDBPkMPPECwiX634mXabF3YHBPpKkA7X0U1W2RsR2+3aY4RrQ52EY8qeOspqlPgXZfMjPo1ysF/OpEyQA0pAeqUkjSQ67cyLMHF4DAkNV799+LOG+1ubeykThJ16Fhja2e/bBGczs84xr7r0pkUZ9vY+8QXh0yI+GwikTBD6INbF120kY9s3r+h7ZQxHb66nTBDfGWd5SW9oNONo/7NyjzbDrcF4kTJB7K450JuXf5nrbvLf4xLNK4HSraRMEF7dY/1e3kYytf2rhSAHmikcvbudMkGuc+4zlOubF+4jjY7yfmH/bq8bG+1xH5xLmSBXCJ8PpFZY7s1IlU3Lxd7XOcomqttdWkTHiEDKBMFVv+aIZha/ILUomZkpb3G0Lt9gI2F3h0DqBGEHnX+LOpNktLv9covuEGolcRhbje0K3s911edKQ3pEIHWCQA6WcnNDWCjYl86E4GSb2FCbp+bpzrc7FJ8hDekRgdQJgvvv6N/WUr+cgr7IVKWzQPEchazDUtA4YYOUdYrRveNtQtjdI9AEguA9N8W2MniroIJRAjFOVgrbcmmKMNqlaCOEeY/VnSdnunhEe0CgKQQBgjf0bx0pnXQFs0jRFOEdvA8r91hpygI5eIOi9YEXNtxtE8LuDYEmEQQkaGZtIoNv1XZDnHTet9FnLpbyRFEwIOn+tBfpUE8OXhy3hdJDKkSgaQQpoHlLxj7SOaS8K+shhWVC55Yf0rlEmUy0KRhqoXnIluLjSq7ylJK0SOoRgaYSxMJytSLbS/eSsidEwSgZrxh7RFgqz813muK8AFpBX4XVyQxbs5YKIqDn6Qp4x+6VClk58IRC8hWMCEParOCNptUIJNUZORCkQIuhT/aE8FRp15Hl5iNvug7iHVNfKmR/970Kb5VCNkjG1t5rFaeZQ3+GJ9RRip8lZf6Bz5DPDU4zjs1dhBCApxU2NzvKeVAGGiABJCUd5aUUPAl5CnKsih8l+LS5UoIcAqEOyYkgFj9uUOZILlSiX66ipBEZJ4sNSDsqZCnHYQr3l06RHiqlo0x/hhG0yxQ/VcoLo/kM+dzgNONuVjohBOBphc0TAlXWmIU9HhCHp+KYD44DZh+BXAkCQqzbOkHGBClkYTuuzKEWmlMQY2NdZbtBCGW1WvGvGgRyJohFELIwsThRibwR/nKF06R1C80qbnqUJ85OOuH6UppNhRZpNA1JC2IIoH5JEGQ00szK36mko6UbScFnkkJuTJQZe77Bt1Ia8yj0V9opzavz9Tmbz83PUCxlccOvoXxs9HrZzPyzMxLCFFqkKTuk3whwA/T7nCmdj84zK4aLm/URXTzf4GxjpaNOX6adXqDP0h+x+dz8TOZRnrJDhh2BIMiw11Bc30ARCIIMFP4kT57VRQdBsqrucHasCARBxopYfD4rBIIgWVV3ODtWBP4DAAD//0ETcEwAAAAGSURBVAMAUuMRsOR6UiIAAAAASUVORK5CYII=','contracts/6db0d7f8-3e53-4901-997d-b8de4ed4e58b.pdf','2025-09-18 20:54:26','2025-09-18 22:02:51','2025-09-18 22:02:51'),(19,'NICOLE VEGA','NICOLE@gmail.com',5,'2025-09-26','data:image/png;base64,iVBORw0KGgoAAAANSUhEUgAAAMgAAABQCAYAAABcbTqwAAAJ0klEQVR4AeyddawsNRjFF3f3YMEhuD4suAcN7oQgwYJDcCdIcAnyB8GDuwSX4BLcITgJGoIGP799b97rHXb3vt0d6865+b5tpzPTdk57pu3Xdu64Df8ZASPQFgETpC00PmEEGg0TxLXACHRAwATpAI5PGQETxHXACHRAIEeCdEjVp4xAJAiYIJEUlLNZDgImSDm4O9VIEDBBIikoZ7McBEyQcnB3qpEgECdBIgHX2YwfARMk/jL0E+SIgAmSI7iOOn4ETJD4y9BPkCMCJkiO4Drq+BEwQVJl6EMjECJggoRoFOufWMktKJ1HaqkoAiZIeQWzg5J+W/qBdDGppYIImCDlFcqEQdIrB357K4SACVJeYdyhpM+QHiK9WGqpIAImSHGFkk7pCwUcLj1LaqkoAiZIRQumItnaW/lYUlpbMUFqW/TDPvjBuuIi6cvS+aW1FBNk8Ir9Qz3SudJ+ZbYggr8Df628JshgFTfkmFuPtL90OWk/cqBu3k66uJR45RQuqxWeYipBEyQFSJyHzVwfr1/IIacpzzd/+/u5Xre/Ji1DHlWi6FNySxMTpDToM0+YAXUS6UaJJ1KXlgMl+/22hMTRs5ogPUNXqRt3UW5mkCKP6eduacxyWpD5TwN/4V4TpHDIc0mQMUcScfLmTY5jcxdVhkdIE3ky8ZThmiD5on6Sor9EmqfQnVoilUDMJDkx9SysNkgFFXdogmSP9fqK8grpv9KjpXtKv5TmJUu3iDjpbrU41WVQ8ZeHrQfdxbeKz8KYFE2QMVj062PeAEvSvYqIMYGc0TKLfPNK8xAqUTreGxWQzoOCKi90FcGKjH6nn8elpYoJkg38vMXvV1THSdsJy9rbnesnHIK06sbRir2viDeQxiB7KJOnSxFm8KeXhxeOnPLEBOkf+2sUxYvShaVlyT1tEqbV2qzNuaoET66MnCO9VDqR9Gdp6S2H8tCUOhCEySbGA7jNh87gh37y+YqHeLeXG8pn4cEo/wmj3LwczLo3tYl8/DbhVQhmYvNWZeQAKfKRfhaStnsWnSpW6kCQxKKDO02f8BIHRHtW8ewnTct1CoA0ckbLe/LRDZKTq2yl2NE35YbyUHhQIf8I5eUB6dpS5BX9gO/ncisjdSBIWDkfFPIUgpyxkil11U7SO6X/SCFHq/sp1C10/jnpHNJQ3tBBmAcd5ia8eRdR7HT3aLWmlv9aadXkCGWIl0yyH5/lJBsqrFXrq+DypA4E2SeAl8E0lZy3/KsKp+/+idzvpYSl9UeFXyllrmEcuWnBfEtFnF0nsF4dJTcUiLNrGFCQH9MoA1zyX1CSY5UM443bdOWp0kRukIdWhA1k8lZL6kAQKguVOI08H0rAwsMbv9uuF4NyrC6sdKUiEjctyIx4Aj1T/qpVUmWpFNlUqX4lxZXT+F0/vFB2lPubtJJSB4IAPJWY/jn+fvRp3czE3xpyL5d+K02Egk78f8hzofQyad1lTgFAF4qWgxZEh42v9bOllJbkT7mVlboQhAKgf766PN025VR2PqrAN6xW0v1U+p/khjKpDiCNnKZ8o1/IxFtS3lyFCUoqG2OjKXJNqbvIsVCxXB6jwYrBrRgtVtAxljc5uUhmkdaJIIDGYHlbeX6QdhJahvt0wUFStpsyjnlX/nZC6zHeqJO8ERnX8MYcFZSrc7ZiZ+acsRXuBDouW5gwZZPVNsrIZFKEF82+8rAYEXOuvNWXuhGEEmF16LTyLC+lRUGnk59BeKKsZWJ8wgQWlV2nOwo775ILqKBYjopoPUiT1gMXXU8/vLHXkluG7K5EWZ5Ol1bepvylX0jMeI0ZcoiioDikjgRJSgaTLC0KihUrCe/WxQy8SnDTL/I/Ii1K0l2V+ZQw5uyQOArKTZitZxacbifdTyx6JIZZ/Gp56JryAYh35I9O6kyQrApr61REjHWKrAwsJaFyprLRoLvFeqx0eBbHjHWOVUSMs16Xi0UvGYDrsMGk3+aNRoOXB10teeMUE6T/clsqFcVVqeO8D+nCsHKXOZl0WoTzBUcG8ulz3R5PohsYWzDIxnSN6ZzBNh/h1qmmYK7FkMG3tG5vhkT+83+CRP5ABWefvvbMQZosnWCwHAQV4mU9025tUtpY4bQm4ThJQR2FcRlffWTDF2M2xmG/6g6ely4cYzUdjhbMuDvriLEcrYq8gyEmSH/lSPcmjOGC8KBgP1a3m9ukyZsewwETnFR4xkgsLcd8jSn2Gd3H10sYP7GagPPsC2fDFx/WZjJVlwwRjBB0J7FKcQ0tJy3IkItiPzBBei9Blq0wG5/EwAA1PWBOzhXlHqqEOpmjyTOVmRbiMF27lxRTLBY9KjrzOQrqKJjAWclMXEy+stas4w0xnzRBei89Bqrh3cyXhMd5+9lQxPwLFiu6P3RzGJQvkGHCmGzZm3Ge4uQr9DwjJnB2/rGER8GDLSZI7+WLeZhuSRIDM9mJPw8XY8CRipiPGGAlY7aebg1zHgygma1ulQdMsHSlXtK9wwlEe1gXQTxaE5aJECf7NfgKPTsUdbo+UihBBhBWlpOHj8Vybf5zVDJ7HJ4bWz/mUgbWmFGp3MzIEy8V/BRFQjeqVStB10enm8JYgyX6LKDkg3KsBFhGZ9B15LJgkG5WqHygjbQhHLskB248oefuWkyQriEbcgMfFggDMKcyOcb+87t0gjc8Zlb66XRJ2APxgsJpAVgKz/ZSBsWhMqfBPZhRmV+gMhOvbhsiVGCsZliaqNysJGZSjr0gy+rKTaS3SJmwk9MUSEaXjPhpAUMlX+SjeaF/RiJggozEoddfllCw9ip9P6ZfNgDRVaE1oNKylZSturzFaQFm1U3dtDQMvvk4A6RZVfdOJV1XSkuTVG6ugYgKtmSBgAnSH4p0RWZSFLzFeaPLm4nwJmeGms1adI8wCNA6YHVimf0TSqUVMRVsyRIBE6R/NFkZzFscky/zAr0sxqMbRPeL7hmtDl0q4mMmnAE2XbH+c+oYukZgUAjS9YPncAPjDuYF+PDZmor/GCkfdmAgzDwD8w9zKYxZ6LSyVJ7JPNYu0Sq1WjaiWy1FI2CCZI84K4OZiT5ZUbOrkIEwK4eZp/hYYZaIEDBBIiosZ7V4BEyQ4jF3ihEhYIJEVFjOavEImCDDYu4L6oyACVLn0vezD4uACTIsRL6gzgiYIHUufT/7sAiYIMNC5AvqjIAJUmbpO+3KI2CCVL6InMEyETBBykTfaVceAROk8kXkDJaJgAlSJvpOu/IImCCVL6LeMui7skHABMkGR8cyoAiYIANasH6sbBAwQbLB0bEMKAImyIAWrB8rGwRMkGxwrFMstXpWE6RWxe2H7RYBE6RbxHx9rRAwQWpV3H7YbhH4DwAA//+k0qIhAAAABklEQVQDAJ0RV7DaN+NPAAAAAElFTkSuQmCC','contracts/87d4b7d3-f42a-444d-92a0-e3c653523d73.pdf','2025-09-18 21:06:00','2025-09-18 21:47:46',NULL),(20,'Felipe Moceton','moce@gmail.com',5,'2025-09-15','data:image/png;base64,iVBORw0KGgoAAAANSUhEUgAAAUAAAABQCAYAAABoMayFAAAHJElEQVR4AeydW6wdUxzGj2tQ4l5xCSqEFE3cikhQD15cI6kXaRQPCEFCeKIlEY1EIvFa1/RBiCcVRFDRIL2QhpKgggqVJhTxQBTfd3ZPz8rq2mfv3T2z9p5Zv+b/zaz13zNrzfqtky8znT2z95zgHwQgAIFCCWCAhU48w4YABCYmMED+CiAAgWIJFG2Axc46A4cABCYJYICTGFhAAAIlEsAAS5x1xgwBCEwSwAAnMRS4YMgQgAA3QfgbgAAEyiXAGWC5c8/IIVA8AQyw+D+BEgEwZgh0CGCAHQ4sIQCBAglggAVOOkOGAAQ6BDDADgeWECiFAOMMCGCAAQyKEIBAWQQwwLLmm9FCAAIBAQwwgEERAhBoN4F4dBhgTIQ6BCBQDAEMsJipZqAQgEBMAAOMiVCHAASKIVCUARYzqwwUAhDoiwAG2Bemxmz0pI50k0RAAAJ9EMAA+4DUkE3m6zjvlk6SfpEICECgBwEMsAegBn28JjjWQ1VeKE0HJQhAYBcCGOAuSGpNvKDWv5FOkOqI24NGlwZlihCAQIIABpiAUlPqErW7SJoj+WxtP62rjrVBg3NVfkMiIACBLgQwwC5gakhvCNqcrfISqeo4KGrwMtVPlAoPhg+BNAEMMM2ljuw2NXq19JfkuE8LnxVqVVkcG7W0j+qLJQICEEgQwAATUGpMvaq2H5VsgntrvUI6XKoqZiUa2pjIkYIABEQAAxSEzPG8+lslOY7TYrlUVRyTaGhrIkeqHAKMdAYCGOAMcGr66Hu1+6O0XXJcq8UyqYpwu3E7R8YJ6hCAQIcABtjhkHvpu7V7BZ3eqrIvibUaKtYn9vZ3AhNpUhCAAAY4mr+BlVG3h6h+hDRspAwwdVk8bD/sD4FGEOh1kBhgL0L1fL5ZzX4iTcU6FbZIVURsgl9V0ShtQKCNBDDA0c3qBer6bGmedJFUVYT/D+hngt+pqmHagUDbCGCAo5vRv9W1zwI/1dplrSqJx9WK7zL77u+LKv8kERCAQIJAqw0wMd4SUqs1yAWSnza5Q2sCAhDoQgAD7AKGNAQg0H4CGGD755gRQgACXQhggF3AND7NACAAgZ4EMMCeiNgAAhBoKwEMsK0zy7ggAIGeBDDAnojYoHkEOGII9EcAA+yPE1tBAAItJIABtnBSGRIEINAfAQywP05VbXWNGvpH+k4iIFAHAdocgAAGOACsCjZ9Tm34NVjHa32PREAAAiMkgAHmhf920N37QZkiBCAwAgIYYF7o4e9/HJi3a3qDQPsJDDpCDHBQYsNt719pm2rh1KkCawhAYDQEMMB83P3bHOF7/3hTcz729ASBJAEMMImlluT8qNU7ozpVCEAgM4FWGWBmdoN2d2O0wx9RnSoEIJCZAAaYB7h/8Ghh1NVjUZ0qBCCQmQAGmAf4GYluvkzkSEEAAhkJYIB5YNf/27x5xkEvEGgVAQwwz3T619/inn6IE9QhAIG8BDDAPLx/i7px/esoRxUCEMhMAAPMAzx+6uPgPN2W0gvjhMDuEcAAd4/boHt9nNjhnESOFAQgkJEABpgH9u+Jbi5O5HKm5qmz/SUCAsUSwADzTP0qdfO6FMZNYSVzeY362yBtlRZLRHMJcORDEMAAh4A34K7PRtufqfojUu64Qh2eJzlmaXGbRECgSAIYYL5pf1ldbZbCeDCsZCr/G/VzvuqXSgQEiiOAAead8g8S3b2UyNWZii/F3RcGaAqocQSGPWAMcFiCg+3vy834TdB+RnjpYM2wNQQgUAUBDLAKiv23sU2bPiTFsUQJG6FWBAQgkIsABpiL9HQ/viN813R1Z8mXwrnuyK7f2SsFCBRMoNEG2OB5e0rHvlGKY7kSi6S6I34y5bS6O6R9CIwjAQxwdLPiV2TFJuifzLw5wyH56y9hN7PDCmUIlEIAAxztTF+p7ldLYfiOrC+H54bJisvbo/Y+jOpUIVAEAQxwtNP8rbq/V1orheEbIu8p8YCUjuGy+0a7vxXVqUKgCAIY4Oin2Y+l3Z84DL9Gf5ny/0k+I/SlsV+gYF2nnM8Up+Scn+64XPmzpFScruQN0hfS0VIYvjET1ilDoAgCGOB4TLMN6OEZDsVnhE/r83U79IrW7wZy3kb6pnJ+88yfWm+RfpZsoNZnKq+Q4hseTyhHQKBIAhjg+Ey7vwx9vQ7HLyjQaqg4QHsfJfW6ueHH81Zqu4YFhwuBaghggNVwrKoVG5Ivaz+qqsEZ2nFfNlyffc6wGR9BoL0EMMDxm9vPdUgXSnOkugzKl8JuW10QECiXAAY4vnPvO8Q+S1ugQ9xD8vpcrS3XrVNUD/OHqe6nTF7T2neRLV/i3qL6yZL3sXJ82VrdETUQoMkKCWCAFcKsuSlfqvoRNmuqK/+wUpj/VR/4KRN/v9CX0tZVyj0jbZIICEAgIIABBjAoQgACZRHAAMuab0YLgUYTqPrg/wcAAP//HXhnyQAAAAZJREFUAwCbRpWhBdMRmAAAAABJRU5ErkJggg==','contracts/a55e06e0-aa3b-4de2-b70d-ce5b8c8d600e.pdf','2025-09-18 21:58:49','2025-09-18 21:58:49',NULL),(21,'Nicole Vega Muñoz','ledy27081@gmail.com',5,'2025-09-03','data:image/png;base64,iVBORw0KGgoAAAANSUhEUgAAAUAAAABQCAYAAABoMayFAAAQAElEQVR4AezdBZQkVxUG4AGCOwR3Ce4uwd0dAsGDS3B3t0AIboHgToDg7gR3h+AeCA6BIP+3M3XOMNmd7Z7uri65e97dqp6uenKr3v+uvj7qSv0rDhQHigMj5UAB4EgffA27OFAcWFkpAKy3oDhQHBgtB0YNgKN96jXw4kBxYBsHCgC3saH+Kw4UB8bIgQLAMT71GnNxoDiwjQMFgNvYMML/asjFgeJAOUHqHSgOFAfGy4GSAMf77GvkxYHRc6AAcPSvwBgZUGMuDqxyoABwlQ/1f3GgODBCDhQAjvCh15CLA8WBVQ4UAK7yof4vDoyFAzXOdRwoAFzHjDotDhQHxsWBAsBxPe8abXGgOLCOAwWA65hRp8WB4sCwObBxdAWAGzlSn4sDxYHRcKAAcDSPugZaHCgObORAAeBGjtTn4kBxYDQcGBUAjuap1kCLA8WBiThQADgRm+qi4kBxYIgcKAAc4lOtMRUHigMTcaAAcCI2zeWiU6aWy4eOF2q/VIvFgeLAkThQAHgklizkD0dJrV8OfTj0mtCyyrHS8NVD1wndI/T40BND7wm9L/T00ANC9wvdJ3SZ0JVC1wxdN7Rn6NKhKsWBQXCgALCdx/iyNHOKkAJ8PpcTf3tcjgBnrxxvHbpe6HShacvuueHhoUeF3hR6d+gToV+EDg39d43+nqPv3p7js0MPCz0kdLXQVUL3DT01tE/oGaGPhT4QemfobaFXhdTb1LfxeHi+f3PosSH1Af6cVikOdJMDBYDLeS4XSbO3DQEtgPOSnL889NbQT0IbgWV7n/+17rqP5xyYPjrHG4VIeSS1U+X8pKG2yjHS0A1DjwiRKP+T419DJM2j57iksuVmT547Hxh6bugxoReEfhSyKLw6R9K8hWz/nN81dPPQJUJVesKBAsB2HtS90syLQ98OzavsMq+KFlzPcVI/SfNpOS6z6Afp+wrpBLCy8JB+D8pnz4WJ4ks5X7/Y/DqfnxK6W+iRoTuHzhBiFrhFjgDPQnb7nD8vBBA/naM6/pbjh0KA86E5XivUx0Ug3R5uKQBs59n+Mc3cKXTOEInsJjlSMU0QEyUfB19IU4sa5KVSMZsmekXOXxr6aOg7oT+FABJJlOqP58CK6YH989r5/uyh84cuEJpXOXYqAraA8wk5f0fon6Ffhg4IXTV0slCVJXKgALB95v8+TbLTcTSQJKhYJqsJmq+2VP6du34c+l7og6FXhoAA6WMaItXoE2nF5N0ZUXeb+klUJCKfb5f2XxQCOD/NkfPnwTlupZDcANstczO1+oU5fjcE1Br6ZD6zaaJb5Vz7l83xbKHjh9YX/Mfvt+SP+or/N1g793kaMkZ1oS+mjkmKaIDb5ML3hn4TOjC0yFJ1b8KBAsBNmLOgr3hiSYMkkd+mjeeELhc6bmhj+Xr+8JkQ5wOJkWcWSDXAxPlBraIOnzHXmfBXzpFDhWOFTXAaem3u1a935fiRCcjkbep/UK5/XchnEg51kVPn9PnbFUNsmznssJAQ2Q6fnytIcXgD4CwMgA2oc6zg3W65ZmP5R/4AiNB+OQdke+TY8OqEOeeUIYELR2Ir1VeqOdur82nJGNWFLrxWvzlFmuQ5p/p7dl/Jdzsq188XrsmhStsc8LDabnNs7Z0vA75/6P0hKtDvciTFmJi75lz5av4j3TwpR5OWId1kPW8+OyfVkBifmc9AqgEnks8R+VvfilhIdjPg39jM2Nt4j++SwRhvw5t8XMEzwAYYARugokLiITDEKyonIEL3zk2ueX2ODa+owvm48AK0PU/ediq2sVCtzbVLpnWLgXFaJA7JZ0V4EVui86IWOeChtNjc4Js6S0Z4xxCvLsmN9GL1J2WQzEhr1FReRQBw8Vxr8pIYhKIwlpu07s1XgykkVXYwAPaHjOrPIZ7Tu+cI4HPYVgA6bzjvOGnvYvkr/gBDwEZ1BGxA0IIC3L6fa/pQAOPB6Sig/3mOAO/MOSp/yX8AMYcq8+TAzuoqANwZhzb/nrRGahPX58U2GdmFqJ8mL7uccAlBxF52k5k0wKYlfOKzm1ffy29PlF5zSrD5sXOZ+MJ0gDtpiCpq3CY8yZgUd5rcgzeAEjAAS6Em+Jqvel1unN4DdnbQH+b8GyEagHAaQH7ufN5op8yfqrTBgQLAyblMxRLO8obc4kU2samjJrq4PjFvwI6Ewv5zglx3rhDjvVAL9+Tj4Mo5MiKAT6o9LOfIhLcwUOGprjJM2LoumO8BHcmXo8LfSXECtvPVYApNgC3TO/LGjOpMIYV0C/B9Rt6Vb/qiaDkcKADcnO/sNfvmEgZ84SpscEJYOByosgCQ/YZUJ+gY2FnV2X+oebl1cAWoM/7LDAHq38oIqfxUerF0T85nXmQhHqfOOdWVpOd63+dPgyxAT8A3dZYmcLOMkvPGIoAPgA/gAXzSX76usmwODBoAt8hcticqCvudkBIGdelpP0h9VnDqLE8ijyuPrOBXdr58PZgibY9Uu3dGBNxIcQCdREOFkxFBlcUPcXQmPwnZJBdczIssBS+3D7rItqEBADSgJ5wGT4QSAT3848kfNBP6PLgCwNWnd9ocxLF9LUfeWKEWVDV2KC8x6e6s+Y59ijorliwfB1FIdDY9YLsUAmNsv8rI2N+EkwB6Njt8AHCChvGGZEeikSfceDNz2+DLTTNC9lueaXnRnF5iCjlz2PM4dvBRWE4urdJlDowZAEl14rSELAjWlRlwnjwsKWtSpgTgkgapMQAhX/W+sDuRUtinbHTQSHTOSTMCjKn8PNYkOkAnoBhvTHrqm2t6z4gpBuBdYM/8VO7BLwHmFky51xYH0q9NJLrqubd4cz4BZtIp+ywpnq1WAD0C4DbSYLbIMMdTxgaAwik4Mngg2fXYbLwgwjOukcduwpP+pC3lY4/LatcvlINYNB5Ik5ek5mUXj8ZDLWDauXGTXsTgmdhU/7FKMDzYpF1qP7uvbBaSr0WC1CuG0cLIHswOHBYvvJwkLViEhAcJONe2bCI773h3ARt7LIeKvGY5zd5vz5CDyTViLj1v4yP189ab/8iiSJpXB4GAQ4t5x3VperjF4Ic7utWRsVVRb01+2QVeHvFkXgoODMntPtsTb/WO/v4vnvCe6b5VHuB9IedeeuoaW5WME2DHaUMqkF0hNi2XjbaQ4iyKQASf8I6TR4A2EMAv6i3+AcVFMUpbwn+08fk04vk1pF/eYYsTJ5P+ymSRiug5esYcc3LNmSg8XxrOMVPPNEU2EqeNzR9ENJAUAaIMH3bvaerqxbVDBUDZF+x1DNMCb62eDPtWc55aLzXQ48CwyvfiYe2gkzIinpXvrPy8rM7FJFLLTFzqmlg0u5qQYnLp6It3wIYINqmwYQKpX6aId8K7QRoGeFLkFsEs4UCej/dRPjCgAzhiJZkcpNVN2q4xeK6Acz2pW7C5qARhSqTYhph35CQ3nwG+BYCtl0q8vm2AyKPNqTU4iXBIACiIVr4s2wavLJsV9ZYXk+H6xHmqclO9aDntdeGJZsczaQUbC9eh2rLdmcAkA7a8rtqlFsz8I1XPvAHQOHaADdMHcwggdAR4JOdFmT7YlpkibJjAyeQoBpJ9cXt2N0DkuboHgAkj8owBFhXWM26IKkuyp56vJ+/6HcIJqi27JfttQzbGtUg2nznACAziM+WVM4uwCQLW9YBIImROEQqWqvtfhgCA7FzUONkGNguwInqgXnoR9rx0glHl4fb1iQmqJhnwQJNYxdQZtwlChTPBSA9sd30d4zz7TcLi4CLBkbDYyoSmkIhMbuqiRRE/qZfzbFtdAJUaCegArugC4UH6ZSF2jdAZEps0SfsTAjffATZAZFNbYwBgwBLwACyqufsXSeaTfGXAChBpGY3gAGSNbZHtt1Z3nwHQCmdFYucCBnJorUy8ckR6Nj3ZGa0xc84NAT17yQE1e8iZzMCPN49ka5KwB7VliJ/z8OZWHW81sLAAWBgADuAxUZkEAB2Vj+NC/KLJPbfG1yoCeCQoUpsFWOwfRwLAcwkzjJAq0pz3llODR14fbcelX8DNda7vGsm7Ji2TPrvWt5n600cAlGUA9AACm4SXBwDKy+UZWy+yz8ScJdzM9gP0BF2bSCYHzx6V1qRhi6HaDyUsZysspjKS6vGB/c6iIPOG+u+9IOGRogAe6QmwbKWdze4hdXOmeU4AF+DpD0nJzwJoU+iMd9W7SbJr+sM2x0yzWf2zfLfIe0mfeAzwF9lOa3X3CQC9dF4edhpeLi+9DQaoD17A1pg254asqiaP0AXeP4Z4XjcTWcgF2xTJYs7N9qY60i7pgwdULB6V1jnJj8OHlAXw2MiobYuQ8DBLH9jFZMQAXp5YUhw1linCZrC88PpFnSWRyojxXN0/FBI+ZRHiXOv9mPoAgDYQtXuKl47RWO6pldaGA+KW+vYQgJrwG5OGBCHsApDzwjHIU+HZfhY1kbvML8/atmBURRk5wE4cG8DDGwsD6YMHk8RPzaTmLmJMQIznnEOCViFkiEQpEJyzjcR5tDRMjfW89E3ISP402CIUhi2VE4VtsPcD7ToAernE7snGoGqQ9kh/7GJ9Yj5QA3rSxkgQ1COSix2QSS+MzVSqRRjku8onDioLGvDAF95RE4vtlrrIvisPmy2UpOXZk/iYBBY1JmYG4MZhJp2NCYJZwvtmswdSj882p/U37+Si+tLFegWIi6u1IHHidK6P03aoywBoteX5IjFxx4tHYu/zck47zmVcLwZPuIX4PPGIjXpmkwHbxPNSi0NcRt/abpPUIBZxnzRMzbfRhBAeJg0Snw1CefDlJFsQmAV8xh8LRm5baNEeD7EFSLvsikJHhBtxoNA4mCn0c6Ed6XDlNncQTyuiwgLe4a5O3rWuAqA999hbjIQ6REIiEfjcZZJVIpeYZMBgzC5FsgN4pEArJyNyl8cwS9+AOw+8iUKCEpqEFzygFjQB6qQ9Tgw2TmAnvEcgMhOAzQVmaX/aewXH83AyQ5DwSJeAmroteFiYzOHTVjrQ60nGtDGS+GCG2EUAFE4gnAWThTCYOM67Soz0VCKOGNKeFCQg4Ed+SBakVpstdLX/W+kX9Z3kxo7JGcUWC+gEGluwSLccFrItmDEAnVhFkpSFjWS3bBunFDL2ZLY8fdE39kUxg338nZWtPMdJ75FkIAKBuYKUPOl9nb+uiwBISsA4oQTEbecTUcsXmTAmMiO9VdEegvIwxaQJxLZattyluTcntxRQWISoqyQlQCfOjkpP4uMkkMPKacADykFB8pW4b8NYXtK5d2yGCnlq9UkuOFUXIFuoSIIzVDvYW4X1sL3SbAb363VdBEDhBt4mtj/HrhHVjXonNMXLwb5lr0COGjtwdK2/k/THmNi+SLK8mYKrATiVUBqWeEvSnRhF0gCJTiC2RQCASDe0YNl9ZJL2lnGNH6QyPl5jarcJbcEC5EB9GX3qQ5vAjxNqMHa/9UzvGgBSl8QY6WPXAJDXkkRKtWOYDrVbEwAABtZJREFUJ0mwFwFD/e0y4SnJlJRmwgNvNkoTHxkTcBO4KzQHqAkzAnTGyRTBfsnzSQrs8li31zegTWrlhDE+z43dkTNme9fX31ZW7CTjffce+N0XZo7B8aVrAEiKsG0VRmO6YxdIzBmvJdsXkJbO1K2Yr5UVUijpmYOB44XKSmoDcCRTtjpgzUHh5WavlFYHFDlvZCtQXdl5qPbu7QLvZ+2Dve4AvkB69lieZna+Wesd8v1ypZkJCCE2yrVxwiDH2zUAxGReQkfEscD+ZO8zn9sm+6Ox7bFlSWYHMl6Mtvth/NQ3auqBaRzxJkuJ8yM8QI7aKliX/VGWghg7cXWChQX0Am07h7DTAXG/ysZJYdEBkKl2sAWY4yFbrbzqwQ50xoEROsw/GoGwH86soTnw/o9FXQRAYNN0kleOOibH1yRviOFdaAXXvN00bHVkQ0kvuUDN5v5Zjgzj7EWyNMQg2nhglvrc67eCSSRyewGU/tvWSsyZMJCf5SIvnBW3Gauj8VPfXO/nJZEcU2Ectv7y0vK+4gGJTvAw9ZWtSxaNRYREKL84TYyqWCwAvhTKUQ18ysFKuZS2x47rfbfwT1lF/y7vIgCyTZmwm3HzovmS84FExEjPQGu7HkBhRw2ggUhAVnzAQnKzgYIYQ9exhVEBeTmdAyCeQVIUexHJSPod1ZG3U3gOgBEcC4y0CXQAI/sYG5o63KctwdvO9aMh+/PZt48KBpD03zb0pDG7+vqBcNkGQmgAm3oQqU5bMkdkSQA5NkkgR0Xxy2x4ZvHQJhtlWDSWUuOcgQOiLuQsexctmISIQYW6bMabLgKg/prsJjdQ83mrJLdUWAZg8XCpgWIMPWRg4ncSgJ5zAAQM2dHY+ngNOQXsxUYdQPpjyyXqKKkT6PmNBiEf+qwOQdvaYmtyLgsEiCGhFsDStQj4AbOGAJ9xIyl/JBckrhDAySwh+QI5qu9W+VL3FQfYfHnCaTnSDxtP/6g401UAbB4CMAIGAAVYAI0GBAAKya65tq2jbAVtCxfRH8HA1NoGxIQM6HNDu6VjQAwJGwGawAxRM4BZQ0JPcnmV4sBCOWAuyb22uYEUN6EuVN+FNtrFyrsOgA3PpFQBC6BBWqMGAhRZFw3QyL0FQqQwwISoqfKJAdaOiPNAfrGgWKqA+xBvqvrQesmMZKdt2x/pD68p1boBsUEkiTeMr2PnOTBNB2XjcHB4t4UCsUVzpE1Tx6Cu7QsATsJ09jUgxIYHmJA92YR2AKyNxOjLNkdCowpIaaPyug81wb3qLMlskidQ13SZA8wvtBdOITvasEN3ub+t9G1IADgNw4j9gJIEyYnAUyrOb5o66triQNc5wAbu5zQt9CIL2PlETXS93631b4wAKExG6IlgYCshlaA1hldDxYGWOODdFgUhlk8oF3u6vPWWmm+nmVlbGRsACgKW5SCPlSd4jHFxs74zdX+3OSB+VcqifReZecT0DTKNbR6PYUwAaGNLTg5ODKuiRP958LDqKA50gQOyfKRAytVmDxcML8yrC33rbB/GBICMv2LrBA2LeO/sQ6mOFQem4IB8XcAnN11EhDxezr8Khp+Aib0GwAnG11xiJxShMwKYZWg0f69jcaCvHODIExMrW4ldW2aUHHC/2tbXMbXe77EAoFg+sX6yOVpncjVYHJgjBwTaywkn8dm8wMIulVI86xybGUdVYwFAKySvr/zZcTzZGuXQOCCe1Y7McsQ583h5BTOXLXuGJz0WAGxi/KyYM7CrQ7dWV8bAAY4NeeCyiw7IgP0wmB2SbOtVqm4YMmsZCwAeusYoIQFrp3UoDnSWA1LUBOoflh7akdmOR35ZUGqn7dLy5yrz4MBYANAWWfhlVxjHouJA1zhguzX7QvLe7p3OSVuTg24HI9u35U9V5s2BsQCgVCC8s6+fY1GvOTCYzu+VkdhIw/tpUw2ODLuOy1u3+UfloIdBiyxjAcBmnDZS3WWRDK26iwM74cCe+d7GtUDPhrx2K/KbLDbloOLK2c0lVdrgQAMMbbS1zDZsZGrbH5uj2vR0mX2ptsfFAREI1NtG0nN+cFjAweFnDfbL+dB/kyVD7GYZCwDaPdlOzJ6CDUlLCsSJokVxYNdUzI7nt1p4cP2Gy0H5m0wNcXtAb6t56Kmmyrw4MBYAxC87OB+SE6lCVI+cVikOzJUDgI5669cM2fFIfby3/r7/XFuqyubCgTEBoC3A9w3Xjgj5DQ85lDmtUhzYMgcsppwXAE94yh6pyUajTC1CWWy0y6ubP1fpIgfGBID4zxboV+KoKPIm/a2oODANB3bPxX5PWU45tdZC6mcabDYKACtkJQxaVJl3vf8DAAD//1VjRicAAAAGSURBVAMAutaCll1wQKoAAAAASUVORK5CYII=','contracts/1598322e-9e47-4704-aec8-9153510294d4.pdf','2025-09-18 22:04:13','2025-09-18 22:04:13',NULL);
/*!40000 ALTER TABLE `usuarios` ENABLE KEYS */;
UNLOCK TABLES;
/*!40103 SET TIME_ZONE=@OLD_TIME_ZONE */;

/*!40101 SET SQL_MODE=@OLD_SQL_MODE */;
/*!40014 SET FOREIGN_KEY_CHECKS=@OLD_FOREIGN_KEY_CHECKS */;
/*!40014 SET UNIQUE_CHECKS=@OLD_UNIQUE_CHECKS */;
/*!40101 SET CHARACTER_SET_CLIENT=@OLD_CHARACTER_SET_CLIENT */;
/*!40101 SET CHARACTER_SET_RESULTS=@OLD_CHARACTER_SET_RESULTS */;
/*!40101 SET COLLATION_CONNECTION=@OLD_COLLATION_CONNECTION */;
/*!40111 SET SQL_NOTES=@OLD_SQL_NOTES */;

-- Dump completed on 2025-09-18 14:47:26
